index,date,season,yr,mnth,hr,holiday,weekday,workingday,weathersit,temp,atemp,hum,windspeed,cnt,anomaly
176,2011-01-08,spring,0,1,14,0,6,0,1,0.2,0.1667,0.32,0.4925,95,-1
178,2011-01-08,spring,0,1,16,0,6,0,1,0.18,0.1364,0.29,0.4478,76,-1
179,2011-01-08,spring,0,1,17,0,6,0,1,0.16,0.1212,0.37,0.5522,69,-1
185,2011-01-08,spring,0,1,23,0,6,0,1,0.1,0.0606,0.39,0.4478,22,-1
187,2011-01-09,spring,0,1,1,0,0,0,1,0.1,0.0606,0.42,0.4627,12,-1
188,2011-01-09,spring,0,1,2,0,0,0,1,0.1,0.0606,0.46,0.4627,11,-1
189,2011-01-09,spring,0,1,3,0,0,0,1,0.1,0.0758,0.46,0.4179,4,-1
195,2011-01-09,spring,0,1,9,0,0,0,1,0.12,0.0758,0.46,0.5224,19,-1
197,2011-01-09,spring,0,1,11,0,0,0,1,0.16,0.1212,0.4,0.5224,49,-1
266,2011-01-12,spring,0,1,12,0,3,1,1,0.2,0.1515,0.47,0.5821,55,-1
272,2011-01-12,spring,0,1,18,0,3,1,1,0.2,0.1515,0.47,0.5224,137,-1
468,2011-01-21,spring,0,1,12,0,5,1,1,0.22,0.1818,0.27,0.5821,78,-1
469,2011-01-21,spring,0,1,13,0,5,1,1,0.2,0.1515,0.21,0.5821,73,-1
470,2011-01-21,spring,0,1,14,0,5,1,1,0.2,0.1515,0.25,0.5224,62,-1
471,2011-01-21,spring,0,1,15,0,5,1,1,0.16,0.1212,0.26,0.4478,65,-1
472,2011-01-21,spring,0,1,16,0,5,1,1,0.16,0.1364,0.26,0.3582,97,-1
476,2011-01-21,spring,0,1,20,0,5,1,1,0.1,0.0758,0.33,0.4179,53,-1
492,2011-01-22,spring,0,1,13,0,6,0,1,0.08,0.1667,0.35,0.0,84,-1
494,2011-01-22,spring,0,1,15,0,6,0,1,0.12,0.1515,0.28,0.0,103,-1
496,2011-01-22,spring,0,1,17,0,6,0,1,0.12,0.197,0.28,0.0,67,-1
514,2011-01-23,spring,0,1,12,0,0,0,1,0.16,0.1212,0.37,0.4627,116,-1
519,2011-01-23,spring,0,1,17,0,0,0,1,0.14,0.1061,0.26,0.3881,55,-1
532,2011-01-24,spring,0,1,7,0,1,1,1,0.02,0.1212,0.48,0.0,84,-1
533,2011-01-24,spring,0,1,8,0,1,1,1,0.04,0.1364,0.49,0.0,177,-1
534,2011-01-24,spring,0,1,9,0,1,1,1,0.06,0.1515,0.41,0.0,102,-1
585,2011-01-26,spring,0,1,15,0,3,1,3,0.22,0.1818,0.93,0.4627,43,-1
646,2011-01-30,spring,0,1,4,0,0,0,1,0.14,0.2121,0.93,0.0,1,-1
696,2011-02-01,spring,0,2,8,0,2,1,3,0.16,0.2273,0.93,0.0,135,-1
697,2011-02-01,spring,0,2,9,0,2,1,2,0.16,0.2273,0.93,0.0,116,-1
722,2011-02-02,spring,0,2,10,0,3,1,2,0.22,0.2727,1.0,0.0,61,-1
732,2011-02-02,spring,0,2,20,0,3,1,1,0.24,0.197,0.48,0.5522,75,-1
737,2011-02-03,spring,0,2,1,0,4,1,1,0.2,0.1515,0.44,0.5224,5,-1
788,2011-02-05,spring,0,2,6,0,6,0,3,0.2,0.2576,1.0,0.0,4,-1
796,2011-02-05,spring,0,2,14,0,6,0,3,0.22,0.2727,1.0,0.0,55,-1
797,2011-02-05,spring,0,2,15,0,6,0,3,0.22,0.2727,1.0,0.0,60,-1
799,2011-02-05,spring,0,2,17,0,6,0,2,0.24,0.2121,1.0,0.2836,78,-1
800,2011-02-05,spring,0,2,18,0,6,0,2,0.28,0.2424,0.93,0.4478,83,-1
801,2011-02-05,spring,0,2,19,0,6,0,2,0.28,0.2424,0.93,0.4478,84,-1
838,2011-02-07,spring,0,2,8,0,1,1,2,0.16,0.2273,1.0,0.0,230,-1
864,2011-02-08,spring,0,2,10,0,2,1,1,0.22,0.1818,0.47,0.5522,48,-1
870,2011-02-08,spring,0,2,16,0,2,1,1,0.22,0.1818,0.35,0.5224,83,-1
871,2011-02-08,spring,0,2,17,0,2,1,1,0.22,0.1818,0.32,0.5821,176,-1
875,2011-02-08,spring,0,2,21,0,2,1,1,0.14,0.1061,0.33,0.4627,54,-1
883,2011-02-09,spring,0,2,6,0,3,1,1,0.06,0.1515,0.45,0.0,43,-1
885,2011-02-09,spring,0,2,8,0,3,1,1,0.1,0.1364,0.42,0.0,199,-1
887,2011-02-09,spring,0,2,10,0,3,1,1,0.14,0.1818,0.36,0.0,59,-1
922,2011-02-10,spring,0,2,22,0,4,1,1,0.12,0.197,0.39,0.0,51,-1
1005,2011-02-14,spring,0,2,12,0,1,1,1,0.56,0.5303,0.22,0.4478,126,-1
1007,2011-02-14,spring,0,2,14,0,1,1,1,0.6,0.5909,0.15,0.4925,90,-1
1008,2011-02-14,spring,0,2,15,0,1,1,1,0.56,0.5303,0.21,0.6567,90,-1
1010,2011-02-14,spring,0,2,17,0,1,1,1,0.46,0.4545,0.33,0.6119,243,-1
1011,2011-02-14,spring,0,2,18,0,1,1,1,0.4,0.4091,0.4,0.6119,205,-1
1015,2011-02-14,spring,0,2,22,0,1,1,1,0.34,0.2879,0.46,0.6567,45,-1
1018,2011-02-15,spring,0,2,1,0,2,1,1,0.3,0.2424,0.42,0.7761,5,-1
1019,2011-02-15,spring,0,2,2,0,2,1,1,0.28,0.2273,0.41,0.6866,3,-1
1020,2011-02-15,spring,0,2,4,0,2,1,1,0.22,0.1818,0.37,0.5224,1,-1
1021,2011-02-15,spring,0,2,5,0,2,1,1,0.22,0.1818,0.32,0.4627,4,-1
1106,2011-02-18,spring,0,2,19,0,5,1,1,0.62,0.6212,0.29,0.5821,162,-1
1108,2011-02-18,spring,0,2,21,0,5,1,1,0.58,0.5455,0.21,0.4925,72,-1
1111,2011-02-19,spring,0,2,0,0,6,0,1,0.48,0.4697,0.12,0.4925,29,-1
1112,2011-02-19,spring,0,2,1,0,6,0,1,0.46,0.4545,0.14,0.4179,31,-1
1113,2011-02-19,spring,0,2,2,0,6,0,1,0.44,0.4394,0.13,0.3881,17,-1
1115,2011-02-19,spring,0,2,4,0,6,0,1,0.4,0.4091,0.15,0.3284,3,-1
1116,2011-02-19,spring,0,2,5,0,6,0,1,0.4,0.4091,0.15,0.3284,3,-1
1117,2011-02-19,spring,0,2,6,0,6,0,1,0.4,0.4091,0.17,0.4179,6,-1
1118,2011-02-19,spring,0,2,7,0,6,0,1,0.38,0.3939,0.17,0.5224,22,-1
1119,2011-02-19,spring,0,2,8,0,6,0,1,0.38,0.3939,0.17,0.5821,45,-1
1120,2011-02-19,spring,0,2,9,0,6,0,1,0.4,0.4091,0.16,0.6567,55,-1
1121,2011-02-19,spring,0,2,10,0,6,0,1,0.42,0.4242,0.16,0.5821,106,-1
1122,2011-02-19,spring,0,2,11,0,6,0,1,0.44,0.4394,0.16,0.5821,123,-1
1123,2011-02-19,spring,0,2,12,0,6,0,1,0.44,0.4394,0.18,0.4925,119,-1
1124,2011-02-19,spring,0,2,13,0,6,0,1,0.44,0.4394,0.16,0.6119,155,-1
1125,2011-02-19,spring,0,2,14,0,6,0,1,0.46,0.4545,0.15,0.6567,196,-1
1126,2011-02-19,spring,0,2,15,0,6,0,1,0.44,0.4394,0.16,0.7463,171,-1
1127,2011-02-19,spring,0,2,16,0,6,0,1,0.44,0.4394,0.16,0.6418,120,-1
1128,2011-02-19,spring,0,2,17,0,6,0,1,0.42,0.4242,0.19,0.6119,127,-1
1131,2011-02-19,spring,0,2,20,0,6,0,1,0.32,0.2879,0.28,0.5224,47,-1
1132,2011-02-19,spring,0,2,21,0,6,0,1,0.32,0.2727,0.26,0.5522,33,-1
1137,2011-02-20,spring,0,2,2,0,0,0,1,0.24,0.197,0.41,0.5522,17,-1
1138,2011-02-20,spring,0,2,3,0,0,0,1,0.22,0.1818,0.44,0.5522,18,-1
1139,2011-02-20,spring,0,2,4,0,0,0,1,0.22,0.1818,0.44,0.5522,1,-1
1259,2011-02-25,spring,0,2,14,0,5,1,3,0.56,0.5303,0.56,0.6119,85,-1
1260,2011-02-25,spring,0,2,15,0,5,1,1,0.46,0.4545,0.41,0.806,55,-1
1262,2011-02-25,spring,0,2,17,0,5,1,1,0.32,0.2727,0.49,0.7463,189,-1
1265,2011-02-25,spring,0,2,20,0,5,1,1,0.3,0.2576,0.49,0.6119,62,-1
1333,2011-02-28,spring,0,2,19,0,1,1,3,0.44,0.4394,0.88,0.6119,80,-1
1334,2011-02-28,spring,0,2,20,0,1,1,3,0.44,0.4394,0.88,0.6119,45,-1
1377,2011-03-02,spring,0,3,15,0,3,1,1,0.54,0.5152,0.19,0.4179,110,-1
1380,2011-03-02,spring,0,3,18,0,3,1,1,0.46,0.4545,0.23,0.4925,201,-1
1384,2011-03-02,spring,0,3,22,0,3,1,1,0.3,0.2576,0.26,0.5522,48,-1
1385,2011-03-02,spring,0,3,23,0,3,1,1,0.26,0.2121,0.3,0.5224,22,-1
1386,2011-03-03,spring,0,3,0,0,4,1,1,0.24,0.197,0.3,0.4627,13,-1
1387,2011-03-03,spring,0,3,1,0,4,1,1,0.24,0.197,0.3,0.4627,1,-1
1388,2011-03-03,spring,0,3,2,0,4,1,1,0.2,0.1667,0.27,0.4627,3,-1
1389,2011-03-03,spring,0,3,3,0,4,1,1,0.2,0.1667,0.27,0.4627,1,-1
1390,2011-03-03,spring,0,3,4,0,4,1,1,0.16,0.1212,0.31,0.4925,1,-1
1401,2011-03-03,spring,0,3,15,0,4,1,1,0.24,0.2879,0.23,0.0,68,-1
1402,2011-03-03,spring,0,3,16,0,4,1,1,0.26,0.303,0.23,0.0,71,-1
1403,2011-03-03,spring,0,3,17,0,4,1,1,0.26,0.303,0.22,0.0,202,-1
1464,2011-03-06,spring,0,3,7,0,0,0,3,0.42,0.4242,1.0,0.4478,5,-1
1475,2011-03-06,spring,0,3,18,0,0,0,3,0.32,0.2879,1.0,0.3582,23,-1
1476,2011-03-06,spring,0,3,19,0,0,0,3,0.3,0.2576,1.0,0.4925,11,-1
1477,2011-03-06,spring,0,3,20,0,0,0,3,0.28,0.2424,1.0,0.4179,11,-1
1478,2011-03-06,spring,0,3,21,0,0,0,3,0.24,0.1818,0.93,0.6119,7,-1
1479,2011-03-06,spring,0,3,22,0,0,0,2,0.22,0.197,1.0,0.3881,10,-1
1480,2011-03-06,spring,0,3,23,0,0,0,2,0.22,0.197,1.0,0.4179,9,-1
1481,2011-03-07,spring,0,3,0,0,1,1,3,0.2,0.1818,1.0,0.3284,4,-1
1482,2011-03-07,spring,0,3,1,0,1,1,3,0.2,0.1818,1.0,0.3284,2,-1
1483,2011-03-07,spring,0,3,3,0,1,1,1,0.2,0.1515,0.8,0.5821,1,-1
1484,2011-03-07,spring,0,3,4,0,1,1,1,0.2,0.1515,0.8,0.5224,1,-1
1518,2011-03-08,spring,0,3,14,0,2,1,2,0.38,0.3939,0.2,0.0,72,-1
1519,2011-03-08,spring,0,3,15,0,2,1,2,0.36,0.3788,0.18,0.0,112,-1
1552,2011-03-10,spring,0,3,0,0,4,1,3,0.34,0.3182,0.0,0.2537,3,-1
1553,2011-03-10,spring,0,3,1,0,4,1,3,0.34,0.3182,0.0,0.2537,2,-1
1554,2011-03-10,spring,0,3,2,0,4,1,3,0.34,0.3182,0.0,0.2537,1,-1
1556,2011-03-10,spring,0,3,6,0,4,1,3,0.36,0.3333,0.0,0.3284,12,-1
1564,2011-03-10,spring,0,3,14,0,4,1,3,0.44,0.4394,0.0,0.2985,12,-1
1567,2011-03-10,spring,0,3,17,0,4,1,2,0.44,0.4394,0.0,0.3881,111,-1
1568,2011-03-10,spring,0,3,18,0,4,1,3,0.44,0.4394,0.0,0.3582,82,-1
1569,2011-03-10,spring,0,3,19,0,4,1,3,0.44,0.4394,0.0,0.5821,56,-1
1874,2011-03-23,summer,0,3,20,0,3,1,3,0.36,0.303,0.87,0.6418,75,-1
1875,2011-03-23,summer,0,3,21,0,3,1,3,0.32,0.2879,1.0,0.4179,22,-1
1886,2011-03-24,summer,0,3,8,0,4,1,3,0.26,0.2273,1.0,0.2985,124,-1
1984,2011-03-28,summer,0,3,12,0,1,1,2,0.26,0.2727,0.25,0.0,79,-1
2052,2011-03-31,summer,0,3,8,0,4,1,2,0.24,0.2273,1.0,0.2537,192,-1
2154,2011-04-04,summer,0,4,14,0,1,1,2,0.74,0.6515,0.27,0.4925,123,-1
2155,2011-04-04,summer,0,4,15,0,1,1,1,0.76,0.6667,0.23,0.5522,143,-1
2156,2011-04-04,summer,0,4,16,0,1,1,1,0.76,0.6515,0.22,0.5224,189,-1
2157,2011-04-04,summer,0,4,17,0,1,1,1,0.74,0.6515,0.23,0.6119,366,-1
2158,2011-04-04,summer,0,4,18,0,1,1,2,0.72,0.6364,0.23,0.4925,386,-1
2159,2011-04-04,summer,0,4,19,0,1,1,1,0.7,0.6364,0.24,0.4627,278,-1
2160,2011-04-04,summer,0,4,20,0,1,1,2,0.7,0.6364,0.24,0.5522,173,-1
2161,2011-04-04,summer,0,4,21,0,1,1,2,0.7,0.6364,0.3,0.4478,95,-1
2168,2011-04-05,summer,0,4,4,0,2,1,3,0.5,0.4848,0.88,0.4925,2,-1
2172,2011-04-05,summer,0,4,8,0,2,1,3,0.38,0.3939,0.87,0.5821,157,-1
2324,2011-04-11,summer,0,4,17,0,1,1,1,0.74,0.6667,0.48,0.5224,452,-1
2340,2011-04-12,summer,0,4,9,0,2,1,3,0.46,0.4545,0.94,0.4925,54,-1
2346,2011-04-12,summer,0,4,15,0,2,1,2,0.48,0.4697,0.77,0.5224,78,-1
2396,2011-04-14,summer,0,4,17,0,4,1,1,0.6,0.6061,0.28,0.0,388,-1
2439,2011-04-16,summer,0,4,12,0,6,0,2,0.46,0.4545,0.88,0.5821,32,-1
2440,2011-04-16,summer,0,4,13,0,6,0,3,0.46,0.4545,0.94,0.5224,58,-1
2441,2011-04-16,summer,0,4,14,0,6,0,3,0.52,0.5,0.83,0.5821,63,-1
2442,2011-04-16,summer,0,4,15,0,6,0,3,0.52,0.5,0.83,0.5821,78,-1
2444,2011-04-16,summer,0,4,17,0,6,0,3,0.5,0.4848,0.88,0.5821,15,-1
2466,2011-04-17,summer,0,4,15,0,0,0,1,0.54,0.5152,0.32,0.5224,388,-1
2552,2011-04-21,summer,0,4,5,0,4,1,2,0.42,0.4242,0.54,0.5522,14,-1
2553,2011-04-21,summer,0,4,6,0,4,1,2,0.4,0.4091,0.58,0.5821,75,-1
2848,2011-05-03,summer,0,5,13,0,2,1,2,0.7,0.6515,0.58,0.6119,194,-1
2862,2011-05-04,summer,0,5,3,0,3,1,3,0.42,0.4242,0.88,0.5224,1,-1
2896,2011-05-05,summer,0,5,13,0,4,1,1,0.54,0.5152,0.3,0.5821,192,-1
2898,2011-05-05,summer,0,5,15,0,4,1,1,0.56,0.5303,0.26,0.4925,147,-1
3020,2011-05-10,summer,0,5,17,0,2,1,1,0.64,0.6212,0.33,0.0,611,-1
3188,2011-05-17,summer,0,5,17,0,2,1,1,0.62,0.6061,0.65,0.4179,604,-1
3226,2011-05-19,summer,0,5,7,0,4,1,2,0.5,0.4848,1.0,0.0,257,-1
3260,2011-05-20,summer,0,5,17,0,5,1,1,0.62,0.6212,0.53,0.0,554,-1
3321,2011-05-23,summer,0,5,6,0,1,1,2,0.54,0.5152,1.0,0.0,96,-1
3329,2011-05-23,summer,0,5,14,0,1,1,2,0.72,0.6818,0.62,0.5224,187,-1
3497,2011-05-30,summer,0,5,14,1,1,0,1,0.88,0.803,0.39,0.0,327,-1
3521,2011-05-31,summer,0,5,14,0,2,1,1,0.9,0.8182,0.37,0.0,140,-1
3565,2011-06-02,summer,0,6,10,0,4,1,1,0.72,0.6515,0.28,0.4925,139,-1
3567,2011-06-02,summer,0,6,12,0,4,1,1,0.76,0.6667,0.25,0.4627,232,-1
3568,2011-06-02,summer,0,6,13,0,4,1,1,0.8,0.6818,0.24,0.3582,203,-1
3570,2011-06-02,summer,0,6,15,0,4,1,1,0.8,0.6818,0.21,0.3881,188,-1
3571,2011-06-02,summer,0,6,16,0,4,1,1,0.8,0.6818,0.22,0.4925,318,-1
3572,2011-06-02,summer,0,6,17,0,4,1,1,0.76,0.6515,0.2,0.5224,572,-1
3573,2011-06-02,summer,0,6,18,0,4,1,1,0.74,0.6515,0.22,0.3881,525,-1
3618,2011-06-04,summer,0,6,15,0,6,0,2,0.74,0.6515,0.27,0.4179,404,-1
3712,2011-06-08,summer,0,6,13,0,3,1,1,0.9,0.8485,0.42,0.0,136,-1
3761,2011-06-10,summer,0,6,14,0,5,1,1,0.86,0.7727,0.39,0.0,165,-1
4004,2011-06-20,summer,0,6,17,0,1,1,1,0.7,0.6515,0.54,0.0,565,-1
4077,2011-06-23,autumn,0,6,18,0,4,1,1,0.72,0.6818,0.7,0.4179,540,-1
4173,2011-06-27,autumn,0,6,18,0,1,1,1,0.74,0.6667,0.51,0.0,591,-1
4219,2011-06-29,autumn,0,6,16,0,3,1,1,0.82,0.7121,0.3,0.4179,328,-1
4220,2011-06-29,autumn,0,6,17,0,3,1,1,0.82,0.7121,0.26,0.4179,570,-1
4244,2011-06-30,autumn,0,6,17,0,4,1,1,0.78,0.6818,0.27,0.3582,594,-1
4262,2011-07-01,autumn,0,7,11,0,5,1,1,0.8,0.697,0.26,0.0,214,-1
4263,2011-07-01,autumn,0,7,12,0,5,1,1,0.8,0.697,0.26,0.0,263,-1
4264,2011-07-01,autumn,0,7,13,0,5,1,1,0.8,0.6818,0.24,0.0,292,-1
4267,2011-07-01,autumn,0,7,16,0,5,1,1,0.82,0.697,0.17,0.0,427,-1
4289,2011-07-02,autumn,0,7,14,0,6,0,1,0.84,0.7121,0.2,0.0,392,-1
4290,2011-07-02,autumn,0,7,15,0,6,0,1,0.86,0.7273,0.19,0.1642,331,-1
4291,2011-07-02,autumn,0,7,16,0,6,0,1,0.88,0.7424,0.22,0.2239,398,-1
4316,2011-07-03,autumn,0,7,17,0,0,0,3,0.8,0.7424,0.49,0.8507,358,-1
4317,2011-07-03,autumn,0,7,18,0,0,0,3,0.8,0.7424,0.49,0.8507,181,-1
4335,2011-07-04,autumn,0,7,12,1,1,0,2,0.78,0.7121,0.52,0.0,447,-1
4339,2011-07-04,autumn,0,7,16,1,1,0,1,0.82,0.7424,0.41,0.0,452,-1
4340,2011-07-04,autumn,0,7,17,1,1,0,1,0.8,0.7273,0.46,0.0,436,-1
4459,2011-07-09,autumn,0,7,16,0,6,0,1,0.82,0.7273,0.38,0.0,416,-1
4460,2011-07-09,autumn,0,7,17,0,6,0,1,0.84,0.7273,0.32,0.0,401,-1
4508,2011-07-11,autumn,0,7,17,0,1,1,1,0.86,0.8485,0.56,0.4179,514,-1
4556,2011-07-13,autumn,0,7,17,0,3,1,1,0.7,0.6667,0.79,0.0,488,-1
4700,2011-07-19,autumn,0,7,17,0,2,1,1,0.8,0.803,0.66,0.0,513,-1
4793,2011-07-23,autumn,0,7,14,0,6,0,1,0.92,0.8939,0.42,0.0,236,-1
4794,2011-07-23,autumn,0,7,15,0,6,0,1,0.94,0.8788,0.38,0.0,215,-1
4862,2011-07-26,autumn,0,7,11,0,2,1,1,0.82,0.7121,0.3,0.0,151,-1
4863,2011-07-26,autumn,0,7,12,0,2,1,1,0.84,0.7273,0.28,0.0,147,-1
4869,2011-07-26,autumn,0,7,18,0,2,1,1,0.84,0.7424,0.39,0.3881,546,-1
4886,2011-07-27,autumn,0,7,11,0,3,1,1,0.8,0.697,0.31,0.0,136,-1
4892,2011-07-27,autumn,0,7,17,0,3,1,1,0.84,0.7121,0.26,0.2239,572,-1
4893,2011-07-27,autumn,0,7,18,0,3,1,1,0.82,0.7121,0.28,0.1045,541,-1
4936,2011-07-29,autumn,0,7,13,0,5,1,1,0.94,0.8333,0.31,0.0,156,-1
4939,2011-07-29,autumn,0,7,16,0,5,1,1,0.96,0.8636,0.3,0.3881,233,-1
4940,2011-07-29,autumn,0,7,17,0,5,1,1,0.96,0.8636,0.3,0.2985,421,-1
4960,2011-07-30,autumn,0,7,13,0,6,0,1,0.88,0.7576,0.29,0.0,308,-1
4961,2011-07-30,autumn,0,7,14,0,6,0,1,0.9,0.7879,0.29,0.0,305,-1
4983,2011-07-31,autumn,0,7,12,0,0,0,1,0.9,0.7727,0.25,0.194,338,-1
4984,2011-07-31,autumn,0,7,13,0,0,0,1,0.9,0.7727,0.24,0.1343,294,-1
4985,2011-07-31,autumn,0,7,14,0,0,0,1,0.9,0.7727,0.24,0.1642,326,-1
4986,2011-07-31,autumn,0,7,15,0,0,0,1,0.92,0.7727,0.18,0.2985,293,-1
4987,2011-07-31,autumn,0,7,16,0,0,0,1,0.92,0.7727,0.17,0.2836,306,-1
4988,2011-07-31,autumn,0,7,17,0,0,0,1,0.92,0.7727,0.16,0.1642,320,-1
5010,2011-08-01,autumn,0,8,15,0,1,1,1,0.9,0.7879,0.27,0.0,129,-1
5011,2011-08-01,autumn,0,8,16,0,1,1,1,0.9,0.7879,0.27,0.0,231,-1
5030,2011-08-02,autumn,0,8,11,0,2,1,1,0.84,0.7273,0.32,0.4179,128,-1
5033,2011-08-02,autumn,0,8,14,0,2,1,1,0.9,0.7727,0.25,0.2836,159,-1
5034,2011-08-02,autumn,0,8,15,0,2,1,1,0.9,0.7727,0.25,0.2836,168,-1
5035,2011-08-02,autumn,0,8,16,0,2,1,1,0.9,0.7727,0.25,0.2836,274,-1
5036,2011-08-02,autumn,0,8,17,0,2,1,2,0.9,0.7879,0.27,0.1343,556,-1
5061,2011-08-03,autumn,0,8,18,0,3,1,3,0.7,0.6667,0.84,0.0,492,-1
5156,2011-08-07,autumn,0,8,17,0,0,0,3,0.74,0.7121,0.74,0.6418,194,-1
5228,2011-08-10,autumn,0,8,17,0,3,1,1,0.84,0.7121,0.26,0.2985,584,-1
5249,2011-08-11,autumn,0,8,14,0,4,1,1,0.8,0.697,0.29,0.0,142,-1
5253,2011-08-11,autumn,0,8,18,0,4,1,1,0.78,0.6818,0.29,0.0896,571,-1
5271,2011-08-12,autumn,0,8,12,0,5,1,1,0.8,0.697,0.27,0.0,222,-1
5275,2011-08-12,autumn,0,8,16,0,5,1,1,0.82,0.7121,0.28,0.0,334,-1
5276,2011-08-12,autumn,0,8,17,0,5,1,1,0.82,0.7121,0.26,0.0,516,-1
5329,2011-08-14,autumn,0,8,22,0,0,0,3,0.6,0.5455,0.88,0.4925,39,-1
5444,2011-08-19,autumn,0,8,17,0,5,1,1,0.76,0.7121,0.58,0.5224,527,-1
5445,2011-08-19,autumn,0,8,18,0,5,1,1,0.76,0.7121,0.58,0.5224,425,-1
5537,2011-08-23,autumn,0,8,14,0,2,1,1,0.72,0.6515,0.3,0.0896,651,-1
5631,2011-08-27,autumn,0,8,12,0,6,0,3,0.66,0.6061,0.83,0.4925,76,-1
5633,2011-08-27,autumn,0,8,14,0,6,0,3,0.64,0.5758,0.89,0.5522,23,-1
5634,2011-08-27,autumn,0,8,15,0,6,0,3,0.64,0.5758,0.89,0.5522,30,-1
5635,2011-08-27,autumn,0,8,16,0,6,0,3,0.64,0.5758,0.89,0.5224,24,-1
5636,2011-08-27,autumn,0,8,17,0,6,0,3,0.64,0.5758,0.89,0.8358,16,-1
5640,2011-08-28,autumn,0,8,10,0,0,0,1,0.7,0.6515,0.61,0.6119,142,-1
5844,2011-09-05,autumn,0,9,22,1,1,0,2,0.6,0.5455,0.88,0.5821,64,-1
5911,2011-09-08,autumn,0,9,19,0,4,1,3,0.62,0.5152,1.0,0.3284,52,-1
5926,2011-09-09,autumn,0,9,10,0,5,1,2,0.62,0.5152,1.0,0.0,29,-1
6077,2011-09-15,autumn,0,9,18,0,4,1,3,0.48,0.4697,0.67,0.6119,244,-1
6211,2011-09-21,autumn,0,9,8,0,3,1,2,0.54,0.5152,1.0,0.1045,462,-1
6252,2011-09-23,winter,0,9,1,0,5,1,2,0.6,0.5,1.0,0.0,31,-1
6254,2011-09-23,winter,0,9,3,0,5,1,2,0.6,0.5,1.0,0.0,8,-1
6255,2011-09-23,winter,0,9,4,0,5,1,3,0.6,0.5,1.0,0.0,13,-1
6268,2011-09-23,winter,0,9,17,0,5,1,2,0.6,0.5,1.0,0.0,99,-1
6269,2011-09-23,winter,0,9,18,0,5,1,1,0.6,0.5,1.0,0.0,234,-1
6330,2011-09-26,winter,0,9,7,0,1,1,2,0.62,0.5455,0.94,0.0,332,-1
6331,2011-09-26,winter,0,9,8,0,1,1,2,0.62,0.5455,0.94,0.0,355,-1
6791,2011-10-15,winter,0,10,12,0,6,0,1,0.58,0.5455,0.35,0.5522,456,-1
6906,2011-10-20,winter,0,10,8,0,4,1,1,0.44,0.4394,0.67,0.5224,426,-1
6907,2011-10-20,winter,0,10,9,0,4,1,1,0.44,0.4394,0.67,0.5821,223,-1
6911,2011-10-20,winter,0,10,13,0,4,1,1,0.5,0.4848,0.45,0.5821,164,-1
7126,2011-10-29,winter,0,10,12,0,6,0,3,0.24,0.197,0.87,0.4925,50,-1
7127,2011-10-29,winter,0,10,13,0,6,0,3,0.24,0.197,0.87,0.5224,30,-1
7169,2011-10-31,winter,0,10,7,0,1,1,1,0.24,0.2879,0.93,0.0,227,-1
7170,2011-10-31,winter,0,10,8,0,1,1,2,0.28,0.3182,0.87,0.0,372,-1
7218,2011-11-02,winter,0,11,8,0,3,1,1,0.32,0.3485,0.87,0.0,472,-1
7337,2011-11-07,winter,0,11,7,0,1,1,2,0.28,0.3182,0.93,0.0,311,-1
7338,2011-11-07,winter,0,11,8,0,1,1,2,0.3,0.3182,1.0,0.0896,410,-1
7362,2011-11-08,winter,0,11,8,0,2,1,1,0.32,0.3333,0.93,0.1045,466,-1
7386,2011-11-09,winter,0,11,8,0,3,1,1,0.32,0.3485,0.93,0.0,456,-1
7436,2011-11-11,winter,0,11,10,1,5,0,1,0.32,0.2727,0.42,0.5522,200,-1
7439,2011-11-11,winter,0,11,13,1,5,0,1,0.38,0.3939,0.37,0.5522,236,-1
7674,2011-11-21,winter,0,11,8,0,1,1,2,0.46,0.4545,0.94,0.0,391,-1
7841,2011-11-28,winter,0,11,8,0,1,1,2,0.42,0.4242,0.94,0.0,407,-1
7937,2011-12-02,winter,0,12,8,0,5,1,1,0.24,0.2879,0.87,0.0,445,-1
8009,2011-12-05,winter,0,12,8,0,1,1,1,0.32,0.3485,0.93,0.0,404,-1
8055,2011-12-07,winter,0,12,6,0,3,1,3,0.48,0.4697,1.0,0.4179,18,-1
8068,2011-12-07,winter,0,12,19,0,3,1,3,0.34,0.2879,0.87,0.6418,33,-1
8069,2011-12-07,winter,0,12,20,0,3,1,3,0.34,0.2879,0.87,0.6418,26,-1
8070,2011-12-07,winter,0,12,21,0,3,1,3,0.3,0.2576,0.87,0.5224,6,-1
8071,2011-12-07,winter,0,12,22,0,3,1,3,0.24,0.197,0.93,0.4478,13,-1
8105,2011-12-09,winter,0,12,8,0,5,1,1,0.24,0.2879,0.81,0.0,385,-1
8225,2011-12-14,winter,0,12,8,0,3,1,2,0.26,0.303,0.87,0.0,467,-1
8393,2011-12-21,spring,0,12,8,0,3,1,3,0.36,0.3788,0.93,0.0,405,-1
8402,2011-12-21,spring,0,12,17,0,3,1,3,0.44,0.4394,1.0,0.3284,229,-1
8514,2011-12-26,spring,0,12,11,1,1,0,1,0.34,0.2879,0.46,0.5821,91,-1
8704,2012-01-03,spring,1,1,11,0,2,1,1,0.18,0.1364,0.37,0.5224,75,-1
8705,2012-01-03,spring,1,1,12,0,2,1,1,0.18,0.1364,0.37,0.5224,74,-1
8706,2012-01-03,spring,1,1,13,0,2,1,1,0.18,0.1212,0.34,0.6567,73,-1
8707,2012-01-03,spring,1,1,14,0,2,1,1,0.16,0.1212,0.43,0.5224,79,-1
8709,2012-01-03,spring,1,1,16,0,2,1,1,0.14,0.0909,0.39,0.5821,136,-1
8710,2012-01-03,spring,1,1,17,0,2,1,1,0.14,0.1061,0.26,0.4627,245,-1
8711,2012-01-03,spring,1,1,18,0,2,1,1,0.14,0.0909,0.26,0.5224,224,-1
8712,2012-01-03,spring,1,1,19,0,2,1,1,0.12,0.0909,0.28,0.4179,156,-1
8719,2012-01-04,spring,1,1,2,0,3,1,1,0.02,0.0152,0.34,0.2836,1,-1
8720,2012-01-04,spring,1,1,3,0,3,1,1,0.02,0.0152,0.34,0.2836,1,-1
8727,2012-01-04,spring,1,1,10,0,3,1,1,0.06,0.1061,0.45,0.0,64,-1
8749,2012-01-05,spring,1,1,8,0,4,1,2,0.2,0.2576,0.75,0.0,388,-1
8868,2012-01-10,spring,1,1,8,0,2,1,2,0.18,0.197,0.93,0.1642,471,-1
8892,2012-01-11,spring,1,1,8,0,3,1,1,0.2,0.2273,0.82,0.1045,499,-1
8937,2012-01-13,spring,1,1,5,0,5,1,2,0.3,0.2424,0.7,0.5522,21,-1
8943,2012-01-13,spring,1,1,11,0,5,1,1,0.24,0.1818,0.38,0.6119,114,-1
8946,2012-01-13,spring,1,1,14,0,5,1,1,0.26,0.2121,0.33,0.5522,129,-1
8947,2012-01-13,spring,1,1,15,0,5,1,1,0.26,0.2121,0.33,0.5821,138,-1
9043,2012-01-17,spring,1,1,16,0,2,1,1,0.46,0.4545,0.63,0.5522,219,-1
9055,2012-01-18,spring,1,1,4,0,3,1,1,0.34,0.2879,0.46,0.5224,1,-1
9067,2012-01-18,spring,1,1,16,0,3,1,1,0.28,0.2273,0.3,0.5224,176,-1
9181,2012-01-23,spring,1,1,10,0,1,1,2,0.2,0.2576,0.93,0.0,149,-1
9192,2012-01-23,spring,1,1,21,0,1,1,2,0.26,0.2424,1.0,0.2836,120,-1
9193,2012-01-23,spring,1,1,22,0,1,1,2,0.26,0.2424,1.0,0.2836,68,-1
9251,2012-01-26,spring,1,1,8,0,4,1,2,0.28,0.303,0.81,0.0896,530,-1
9284,2012-01-27,spring,1,1,17,0,5,1,1,0.42,0.4242,0.5,0.5821,422,-1
9310,2012-01-28,spring,1,1,19,0,6,0,2,0.42,0.4242,0.41,0.5522,206,-1
9319,2012-01-29,spring,1,1,4,0,0,0,1,0.24,0.2576,0.3,0.0,5,-1
9331,2012-01-29,spring,1,1,16,0,0,0,1,0.36,0.3333,0.21,0.4179,322,-1
9380,2012-01-31,spring,1,1,17,0,2,1,1,0.54,0.5152,0.26,0.4179,559,-1
9419,2012-02-02,spring,1,2,8,0,4,1,3,0.4,0.4091,0.87,0.0,445,-1
9514,2012-02-06,spring,1,2,8,0,1,1,1,0.16,0.1818,0.86,0.1343,444,-1
9538,2012-02-07,spring,1,2,8,0,2,1,1,0.3,0.3182,0.49,0.0,529,-1
9644,2012-02-11,spring,1,2,18,0,6,0,2,0.22,0.1818,0.47,0.6567,108,-1
9645,2012-02-11,spring,1,2,19,0,6,0,2,0.2,0.1515,0.4,0.5522,87,-1
9646,2012-02-11,spring,1,2,20,0,6,0,2,0.16,0.1212,0.43,0.5522,63,-1
9647,2012-02-11,spring,1,2,21,0,6,0,1,0.14,0.0758,0.43,0.6418,48,-1
9649,2012-02-11,spring,1,2,23,0,6,0,3,0.12,0.0758,0.5,0.4925,20,-1
9651,2012-02-12,spring,1,2,1,0,0,0,3,0.08,0.0455,0.79,0.4627,24,-1
9652,2012-02-12,spring,1,2,2,0,0,0,2,0.1,0.0606,0.58,0.5821,27,-1
9653,2012-02-12,spring,1,2,3,0,0,0,2,0.1,0.0455,0.46,0.6866,14,-1
9654,2012-02-12,spring,1,2,4,0,0,0,2,0.1,0.0455,0.46,0.7164,1,-1
9662,2012-02-12,spring,1,2,12,0,0,0,1,0.14,0.0758,0.39,0.6418,140,-1
9664,2012-02-12,spring,1,2,14,0,0,0,1,0.16,0.1212,0.4,0.5224,111,-1
9665,2012-02-12,spring,1,2,15,0,0,0,1,0.16,0.1212,0.4,0.5522,155,-1
9706,2012-02-14,spring,1,2,8,0,2,1,2,0.24,0.2879,0.7,0.0,513,-1
9778,2012-02-17,spring,1,2,8,0,5,1,2,0.26,0.303,1.0,0.0,520,-1
9779,2012-02-17,spring,1,2,9,0,5,1,2,0.26,0.303,1.0,0.0,283,-1
9896,2012-02-22,spring,1,2,8,0,3,1,1,0.3,0.3182,0.75,0.0896,576,-1
9957,2012-02-24,spring,1,2,21,0,5,1,1,0.42,0.4242,0.35,0.806,152,-1
9958,2012-02-24,spring,1,2,22,0,5,1,1,0.4,0.4091,0.37,0.5821,106,-1
9959,2012-02-24,spring,1,2,23,0,5,1,1,0.38,0.3939,0.37,0.6866,86,-1
9971,2012-02-25,spring,1,2,11,0,6,0,1,0.3,0.2576,0.39,0.6119,210,-1
9972,2012-02-25,spring,1,2,12,0,6,0,1,0.32,0.2727,0.29,0.6567,258,-1
9974,2012-02-25,spring,1,2,14,0,6,0,1,0.32,0.2727,0.29,0.5522,216,-1
9976,2012-02-25,spring,1,2,16,0,6,0,1,0.32,0.2727,0.26,0.5821,195,-1
9978,2012-02-25,spring,1,2,18,0,6,0,1,0.3,0.2576,0.28,0.5821,133,-1
9980,2012-02-25,spring,1,2,20,0,6,0,1,0.26,0.2121,0.3,0.5522,105,-1
9999,2012-02-26,spring,1,2,15,0,0,0,1,0.36,0.3485,0.29,0.0,353,-1
10016,2012-02-27,spring,1,2,8,0,1,1,1,0.24,0.2424,0.6,0.0,528,-1
10025,2012-02-27,spring,1,2,17,0,1,1,1,0.54,0.5152,0.24,0.4478,529,-1
10026,2012-02-27,spring,1,2,18,0,1,1,1,0.52,0.5,0.27,0.4179,527,-1
10111,2012-03-02,spring,1,3,8,0,5,1,1,0.28,0.303,0.75,0.0896,549,-1
10166,2012-03-04,spring,1,3,15,0,0,0,1,0.36,0.3182,0.32,0.5224,334,-1
10168,2012-03-04,spring,1,3,17,0,0,0,1,0.34,0.2879,0.31,0.5522,263,-1
10169,2012-03-04,spring,1,3,18,0,0,0,1,0.32,0.2727,0.33,0.6119,184,-1
10193,2012-03-05,spring,1,3,18,0,1,1,3,0.28,0.2273,0.55,0.6567,375,-1
10198,2012-03-05,spring,1,3,23,0,1,1,1,0.22,0.1818,0.37,0.5821,31,-1
10240,2012-03-07,spring,1,3,17,0,3,1,1,0.56,0.5303,0.43,0.4925,612,-1
10241,2012-03-07,spring,1,3,18,0,3,1,1,0.56,0.5303,0.4,0.4627,544,-1
10255,2012-03-08,spring,1,3,8,0,4,1,1,0.44,0.4394,0.77,0.3881,585,-1
10260,2012-03-08,spring,1,3,13,0,4,1,2,0.6,0.6212,0.49,0.6418,233,-1
10261,2012-03-08,spring,1,3,14,0,4,1,2,0.62,0.6212,0.43,0.6418,203,-1
10262,2012-03-08,spring,1,3,15,0,4,1,1,0.64,0.6212,0.38,0.6866,185,-1
10263,2012-03-08,spring,1,3,16,0,4,1,2,0.62,0.6212,0.41,0.6418,342,-1
10264,2012-03-08,spring,1,3,17,0,4,1,1,0.62,0.6212,0.38,0.6567,597,-1
10265,2012-03-08,spring,1,3,18,0,4,1,2,0.62,0.6212,0.38,0.5522,590,-1
10274,2012-03-09,spring,1,3,3,0,5,1,1,0.46,0.4545,0.77,0.5224,7,-1
10279,2012-03-09,spring,1,3,8,0,5,1,2,0.34,0.2879,0.42,0.5224,501,-1
10287,2012-03-09,spring,1,3,16,0,5,1,1,0.48,0.4697,0.23,0.4179,343,-1
10288,2012-03-09,spring,1,3,17,0,5,1,1,0.46,0.4545,0.24,0.3881,566,-1
10289,2012-03-09,spring,1,3,18,0,5,1,1,0.44,0.4394,0.26,0.5224,470,-1
10290,2012-03-09,spring,1,3,19,0,5,1,1,0.42,0.4242,0.28,0.6119,244,-1
10310,2012-03-10,spring,1,3,15,0,6,0,1,0.34,0.3636,0.25,0.0,406,-1
10311,2012-03-10,spring,1,3,16,0,6,0,1,0.36,0.3636,0.23,0.0,390,-1
10312,2012-03-10,spring,1,3,17,0,6,0,1,0.36,0.3788,0.23,0.0,354,-1
10359,2012-03-12,spring,1,3,17,0,1,1,2,0.62,0.6212,0.38,0.4179,644,-1
10384,2012-03-13,spring,1,3,18,0,2,1,1,0.7,0.6364,0.34,0.2985,734,-1
10398,2012-03-14,spring,1,3,8,0,3,1,1,0.44,0.4394,0.82,0.0,662,-1
10407,2012-03-14,spring,1,3,17,0,3,1,1,0.7,0.6364,0.28,0.0896,782,-1
10408,2012-03-14,spring,1,3,18,0,3,1,1,0.7,0.6364,0.32,0.0,749,-1
10478,2012-03-17,spring,1,3,16,0,6,0,1,0.64,0.6212,0.5,0.0,685,-1
10552,2012-03-20,spring,1,3,18,0,2,1,1,0.6,0.5909,0.69,0.2537,801,-1
10575,2012-03-21,summer,1,3,17,0,3,1,1,0.6,0.5909,0.69,0.0896,729,-1
10576,2012-03-21,summer,1,3,18,0,3,1,1,0.6,0.5909,0.69,0.0,779,-1
10577,2012-03-21,summer,1,3,19,0,3,1,1,0.6,0.6061,0.64,0.0,582,-1
10590,2012-03-22,summer,1,3,8,0,4,1,2,0.5,0.4848,0.94,0.0896,649,-1
10601,2012-03-22,summer,1,3,19,0,4,1,1,0.66,0.6212,0.61,0.0,586,-1
10614,2012-03-23,summer,1,3,8,0,5,1,2,0.5,0.4848,0.94,0.1343,662,-1
10623,2012-03-23,summer,1,3,17,0,5,1,2,0.72,0.6515,0.42,0.1642,957,-1
10624,2012-03-23,summer,1,3,18,0,5,1,1,0.7,0.6364,0.45,0.1642,830,-1
10645,2012-03-24,summer,1,3,15,0,6,0,3,0.5,0.4848,0.94,0.4179,290,-1
10688,2012-03-26,summer,1,3,10,0,1,1,1,0.5,0.4848,0.36,0.5821,153,-1
10689,2012-03-26,summer,1,3,11,0,1,1,1,0.48,0.4697,0.31,0.5821,178,-1
10691,2012-03-26,summer,1,3,13,0,1,1,1,0.48,0.4697,0.29,0.6866,301,-1
10693,2012-03-26,summer,1,3,15,0,1,1,1,0.48,0.4697,0.29,0.6119,223,-1
10694,2012-03-26,summer,1,3,16,0,1,1,1,0.48,0.4697,0.25,0.6418,305,-1
10695,2012-03-26,summer,1,3,17,0,1,1,1,0.46,0.4545,0.24,0.4478,664,-1
10696,2012-03-26,summer,1,3,18,0,1,1,1,0.44,0.4394,0.26,0.4478,684,-1
10698,2012-03-26,summer,1,3,20,0,1,1,1,0.4,0.4091,0.26,0.5224,221,-1
10701,2012-03-26,summer,1,3,23,0,1,1,1,0.34,0.2879,0.25,0.5224,48,-1
10702,2012-03-27,summer,1,3,0,0,2,1,1,0.32,0.2879,0.26,0.5224,10,-1
10703,2012-03-27,summer,1,3,1,0,2,1,1,0.3,0.2727,0.26,0.4627,5,-1
10718,2012-03-27,summer,1,3,16,0,2,1,1,0.42,0.4242,0.2,0.0,305,-1
10719,2012-03-27,summer,1,3,17,0,2,1,1,0.44,0.4394,0.16,0.0,614,-1
10720,2012-03-27,summer,1,3,18,0,2,1,1,0.42,0.4242,0.17,0.0896,644,-1
10721,2012-03-27,summer,1,3,19,0,2,1,1,0.42,0.4242,0.17,0.0,417,-1
10758,2012-03-29,summer,1,3,8,0,4,1,1,0.46,0.4545,0.47,0.4179,654,-1
10767,2012-03-29,summer,1,3,17,0,4,1,1,0.52,0.5,0.38,0.3881,703,-1
10810,2012-03-31,summer,1,3,12,0,6,0,1,0.48,0.4697,0.67,0.0,621,-1
10815,2012-03-31,summer,1,3,17,0,6,0,1,0.48,0.4697,0.67,0.4179,543,-1
10862,2012-04-02,summer,1,4,17,0,1,1,1,0.5,0.4848,0.29,0.2836,729,-1
10877,2012-04-03,summer,1,4,8,0,2,1,1,0.34,0.3636,0.57,0.0,604,-1
10881,2012-04-03,summer,1,4,12,0,2,1,1,0.52,0.5,0.25,0.0,331,-1
10886,2012-04-03,summer,1,4,17,0,2,1,1,0.62,0.6061,0.17,0.194,757,-1
10887,2012-04-03,summer,1,4,18,0,2,1,1,0.6,0.6061,0.26,0.1642,800,-1
10934,2012-04-05,summer,1,4,17,0,4,1,1,0.5,0.4848,0.31,0.1642,822,-1
10935,2012-04-05,summer,1,4,18,0,4,1,1,0.5,0.4848,0.31,0.1045,698,-1
10957,2012-04-06,summer,1,4,16,0,5,1,1,0.5,0.4848,0.22,0.4179,536,-1
10958,2012-04-06,summer,1,4,17,0,5,1,1,0.52,0.5,0.23,0.4179,655,-1
10959,2012-04-06,summer,1,4,18,0,5,1,1,0.5,0.4848,0.22,0.4627,484,-1
10977,2012-04-07,summer,1,4,12,0,6,0,1,0.46,0.4545,0.23,0.3881,590,-1
10978,2012-04-07,summer,1,4,13,0,6,0,1,0.5,0.4848,0.22,0.194,643,-1
10980,2012-04-07,summer,1,4,15,0,6,0,1,0.52,0.5,0.19,0.4179,626,-1
10981,2012-04-07,summer,1,4,16,0,6,0,1,0.54,0.5152,0.19,0.3881,615,-1
10982,2012-04-07,summer,1,4,17,0,6,0,1,0.54,0.5152,0.19,0.4179,567,-1
11003,2012-04-08,summer,1,4,14,0,0,0,1,0.6,0.5909,0.18,0.4478,503,-1
11004,2012-04-08,summer,1,4,15,0,0,0,1,0.62,0.6061,0.17,0.3582,486,-1
11025,2012-04-09,summer,1,4,12,0,1,1,1,0.54,0.5152,0.28,0.7164,280,-1
11026,2012-04-09,summer,1,4,13,0,1,1,1,0.54,0.5152,0.28,0.5821,281,-1
11027,2012-04-09,summer,1,4,14,0,1,1,1,0.56,0.5303,0.28,0.5522,218,-1
11028,2012-04-09,summer,1,4,15,0,1,1,1,0.58,0.5455,0.28,0.5522,255,-1
11030,2012-04-09,summer,1,4,17,0,1,1,1,0.54,0.5152,0.32,0.4179,632,-1
11054,2012-04-10,summer,1,4,17,0,2,1,1,0.56,0.5303,0.21,0.5224,744,-1
11055,2012-04-10,summer,1,4,18,0,2,1,1,0.54,0.5152,0.22,0.4179,704,-1
11056,2012-04-10,summer,1,4,19,0,2,1,1,0.52,0.5,0.2,0.3582,479,-1
11078,2012-04-11,summer,1,4,18,0,3,1,3,0.4,0.4091,0.43,0.4179,585,-1
11101,2012-04-12,summer,1,4,17,0,4,1,1,0.5,0.4848,0.27,0.3881,656,-1
11102,2012-04-12,summer,1,4,18,0,4,1,1,0.5,0.4848,0.27,0.3881,610,-1
11125,2012-04-13,summer,1,4,17,0,5,1,1,0.56,0.5303,0.24,0.1642,738,-1
11146,2012-04-14,summer,1,4,14,0,6,0,2,0.64,0.6212,0.27,0.4478,660,-1
11147,2012-04-14,summer,1,4,15,0,6,0,2,0.64,0.6212,0.27,0.3582,658,-1
11196,2012-04-16,summer,1,4,16,1,1,0,1,0.8,0.697,0.33,0.4627,358,-1
11197,2012-04-16,summer,1,4,17,1,1,0,1,0.8,0.697,0.33,0.3881,712,-1
11198,2012-04-16,summer,1,4,18,1,1,0,1,0.8,0.697,0.31,0.3881,676,-1
11221,2012-04-17,summer,1,4,17,0,2,1,1,0.64,0.6061,0.25,0.2985,781,-1
11222,2012-04-17,summer,1,4,18,0,2,1,1,0.64,0.6061,0.25,0.2836,775,-1
11260,2012-04-19,summer,1,4,8,0,4,1,2,0.42,0.4242,0.82,0.1045,677,-1
11269,2012-04-19,summer,1,4,17,0,4,1,1,0.6,0.6212,0.43,0.0896,748,-1
11270,2012-04-19,summer,1,4,18,0,4,1,1,0.6,0.6212,0.43,0.0896,776,-1
11284,2012-04-20,summer,1,4,8,0,5,1,1,0.44,0.4394,0.94,0.0,700,-1
11293,2012-04-20,summer,1,4,17,0,5,1,1,0.64,0.6212,0.47,0.2836,819,-1
11317,2012-04-21,summer,1,4,17,0,6,0,2,0.74,0.6515,0.3,0.3881,568,-1
11343,2012-04-22,summer,1,4,19,0,0,0,3,0.36,0.3182,0.87,0.5224,35,-1
11346,2012-04-22,summer,1,4,22,0,0,0,3,0.34,0.2879,0.87,0.5224,13,-1
11389,2012-04-24,summer,1,4,17,0,2,1,1,0.52,0.5,0.22,0.3881,691,-1
11390,2012-04-24,summer,1,4,18,0,2,1,1,0.5,0.4848,0.18,0.0,632,-1
11404,2012-04-25,summer,1,4,8,0,3,1,1,0.36,0.3636,0.76,0.0896,654,-1
11413,2012-04-25,summer,1,4,17,0,3,1,1,0.6,0.5909,0.2,0.2985,732,-1
11414,2012-04-25,summer,1,4,18,0,3,1,1,0.6,0.5909,0.2,0.2836,709,-1
11444,2012-04-27,summer,1,4,0,0,5,1,1,0.54,0.5152,0.68,0.5522,73,-1
11452,2012-04-27,summer,1,4,8,0,5,1,1,0.4,0.4091,0.5,0.0,592,-1
11461,2012-04-27,summer,1,4,17,0,5,1,1,0.54,0.5152,0.24,0.3881,702,-1
11462,2012-04-27,summer,1,4,18,0,5,1,1,0.52,0.5,0.25,0.3582,654,-1
11506,2012-04-29,summer,1,4,14,0,0,0,1,0.54,0.5152,0.34,0.0,653,-1
11572,2012-05-02,summer,1,5,8,0,3,1,2,0.56,0.5303,0.88,0.0,666,-1
11582,2012-05-02,summer,1,5,18,0,3,1,1,0.56,0.5303,0.73,0.2239,813,-1
11620,2012-05-04,summer,1,5,8,0,5,1,1,0.56,0.5303,0.88,0.0,618,-1
11629,2012-05-04,summer,1,5,17,0,5,1,1,0.7,0.6515,0.54,0.4627,643,-1
11630,2012-05-04,summer,1,5,18,0,5,1,1,0.7,0.6515,0.54,0.4627,641,-1
11673,2012-05-06,summer,1,5,13,0,0,0,2,0.6,0.6061,0.64,0.0,565,-1
11701,2012-05-07,summer,1,5,17,0,1,1,2,0.6,0.6212,0.53,0.3284,769,-1
11750,2012-05-09,summer,1,5,18,0,3,1,3,0.52,0.5,0.77,0.5821,372,-1
11773,2012-05-10,summer,1,5,17,0,4,1,1,0.6,0.6212,0.31,0.3881,732,-1
11774,2012-05-10,summer,1,5,18,0,4,1,1,0.56,0.5303,0.35,0.5224,770,-1
11797,2012-05-11,summer,1,5,17,0,5,1,1,0.64,0.6061,0.23,0.2537,779,-1
11908,2012-05-16,summer,1,5,8,0,3,1,1,0.58,0.5455,0.83,0.0,650,-1
11917,2012-05-16,summer,1,5,17,0,3,1,1,0.72,0.6667,0.51,0.194,873,-1
11932,2012-05-17,summer,1,5,8,0,4,1,1,0.52,0.5,0.55,0.4478,634,-1
11941,2012-05-17,summer,1,5,17,0,4,1,1,0.66,0.6212,0.31,0.1343,852,-1
11942,2012-05-17,summer,1,5,18,0,4,1,1,0.66,0.6212,0.27,0.1642,868,-1
11965,2012-05-18,summer,1,5,17,0,5,1,1,0.66,0.6212,0.34,0.1343,812,-1
11984,2012-05-19,summer,1,5,12,0,6,0,1,0.66,0.6212,0.36,0.0,642,-1
11986,2012-05-19,summer,1,5,14,0,6,0,1,0.72,0.6515,0.3,0.0896,730,-1
11989,2012-05-19,summer,1,5,17,0,6,0,1,0.74,0.6515,0.3,0.0896,626,-1
12061,2012-05-22,summer,1,5,17,0,2,1,1,0.72,0.6667,0.54,0.0,785,-1
12076,2012-05-23,summer,1,5,8,0,3,1,1,0.58,0.5455,0.83,0.0,719,-1
12109,2012-05-24,summer,1,5,17,0,4,1,1,0.74,0.6818,0.55,0.2836,798,-1
12229,2012-05-29,summer,1,5,17,0,2,1,1,0.82,0.7576,0.46,0.4179,781,-1
12230,2012-05-29,summer,1,5,18,0,2,1,1,0.8,0.7424,0.49,0.4925,710,-1
12253,2012-05-30,summer,1,5,17,0,3,1,1,0.74,0.6667,0.48,0.0896,839,-1
12277,2012-05-31,summer,1,5,17,0,4,1,1,0.76,0.6667,0.31,0.1642,827,-1
12278,2012-05-31,summer,1,5,18,0,4,1,1,0.74,0.6515,0.3,0.194,785,-1
12325,2012-06-02,summer,1,6,17,0,6,0,1,0.64,0.6212,0.36,0.0,586,-1
12347,2012-06-03,summer,1,6,15,0,0,0,1,0.7,0.6364,0.34,0.0,644,-1
12373,2012-06-04,summer,1,6,17,0,1,1,1,0.64,0.6212,0.38,0.4478,834,-1
12374,2012-06-04,summer,1,6,18,0,1,1,1,0.64,0.6212,0.38,0.3881,822,-1
12375,2012-06-04,summer,1,6,19,0,1,1,1,0.62,0.6212,0.38,0.4179,645,-1
12397,2012-06-05,summer,1,6,17,0,2,1,1,0.6,0.6212,0.43,0.0,850,-1
12412,2012-06-06,summer,1,6,8,0,3,1,1,0.54,0.5152,0.68,0.0,668,-1
12436,2012-06-07,summer,1,6,8,0,4,1,1,0.52,0.5,0.77,0.0,681,-1
12445,2012-06-07,summer,1,6,17,0,4,1,1,0.72,0.6515,0.34,0.2537,869,-1
12446,2012-06-07,summer,1,6,18,0,4,1,1,0.7,0.6364,0.34,0.2836,813,-1
12469,2012-06-08,summer,1,6,17,0,5,1,1,0.76,0.6667,0.29,0.194,793,-1
12470,2012-06-08,summer,1,6,18,0,5,1,1,0.76,0.6667,0.27,0.2239,723,-1
12487,2012-06-09,summer,1,6,11,0,6,0,1,0.76,0.6667,0.35,0.0,569,-1
12489,2012-06-09,summer,1,6,13,0,6,0,1,0.82,0.697,0.24,0.2836,585,-1
12490,2012-06-09,summer,1,6,14,0,6,0,1,0.82,0.697,0.23,0.194,593,-1
12491,2012-06-09,summer,1,6,15,0,6,0,1,0.84,0.7121,0.2,0.2985,555,-1
12492,2012-06-09,summer,1,6,16,0,6,0,1,0.82,0.697,0.24,0.194,534,-1
12493,2012-06-09,summer,1,6,17,0,6,0,1,0.84,0.7121,0.24,0.0,495,-1
12512,2012-06-10,summer,1,6,12,0,0,0,1,0.82,0.7121,0.3,0.0,502,-1
12541,2012-06-11,summer,1,6,17,0,1,1,2,0.8,0.7121,0.41,0.3582,800,-1
12542,2012-06-11,summer,1,6,18,0,1,1,2,0.8,0.7273,0.43,0.2985,831,-1
12580,2012-06-13,summer,1,6,8,0,3,1,2,0.62,0.5909,0.73,0.5224,713,-1
12581,2012-06-13,summer,1,6,9,0,3,1,2,0.64,0.6061,0.69,0.5821,352,-1
12588,2012-06-13,summer,1,6,16,0,3,1,1,0.72,0.6515,0.3,0.4925,392,-1
12589,2012-06-13,summer,1,6,17,0,3,1,1,0.72,0.6515,0.32,0.4925,857,-1
12590,2012-06-13,summer,1,6,18,0,3,1,1,0.72,0.6515,0.32,0.4478,744,-1
12591,2012-06-13,summer,1,6,19,0,3,1,1,0.7,0.6364,0.34,0.3881,671,-1
12613,2012-06-14,summer,1,6,17,0,4,1,1,0.72,0.6667,0.48,0.2239,867,-1
12614,2012-06-14,summer,1,6,18,0,4,1,1,0.74,0.6667,0.42,0.194,823,-1
12637,2012-06-15,summer,1,6,17,0,5,1,1,0.74,0.6515,0.37,0.2836,823,-1
12680,2012-06-17,summer,1,6,12,0,0,0,1,0.62,0.6212,0.57,0.0,615,-1
12682,2012-06-17,summer,1,6,14,0,0,0,1,0.64,0.6212,0.53,0.0,582,-1
12733,2012-06-19,summer,1,6,17,0,2,1,1,0.8,0.7576,0.55,0.194,811,-1
12734,2012-06-19,summer,1,6,18,0,2,1,1,0.8,0.7576,0.55,0.1642,795,-1
12747,2012-06-20,summer,1,6,7,0,3,1,2,0.66,0.5909,0.89,0.0,464,-1
12755,2012-06-20,summer,1,6,15,0,3,1,1,0.9,0.8182,0.35,0.0,179,-1
12757,2012-06-20,summer,1,6,17,0,3,1,1,0.9,0.8182,0.37,0.0,691,-1
12758,2012-06-20,summer,1,6,18,0,3,1,1,0.9,0.8182,0.37,0.0,672,-1
12772,2012-06-21,autumn,1,6,8,0,4,1,1,0.74,0.697,0.7,0.0,590,-1
12777,2012-06-21,autumn,1,6,13,0,4,1,1,0.9,0.8182,0.35,0.0,172,-1
12781,2012-06-21,autumn,1,6,17,0,4,1,1,0.88,0.7879,0.37,0.0,615,-1
12807,2012-06-22,autumn,1,6,19,0,5,1,2,0.76,0.697,0.55,0.5224,362,-1
12828,2012-06-23,autumn,1,6,16,0,6,0,1,0.84,0.7121,0.26,0.2985,513,-1
12877,2012-06-25,autumn,1,6,17,0,1,1,1,0.8,0.6818,0.24,0.4627,833,-1
12878,2012-06-25,autumn,1,6,18,0,1,1,1,0.76,0.6667,0.27,0.4478,791,-1
12879,2012-06-25,autumn,1,6,19,0,1,1,1,0.74,0.6515,0.27,0.4627,582,-1
12900,2012-06-26,autumn,1,6,16,0,2,1,1,0.72,0.6364,0.26,0.4925,416,-1
12901,2012-06-26,autumn,1,6,17,0,2,1,1,0.72,0.6515,0.28,0.4179,900,-1
12902,2012-06-26,autumn,1,6,18,0,2,1,1,0.72,0.6515,0.28,0.3582,824,-1
12922,2012-06-27,autumn,1,6,14,0,3,1,1,0.8,0.6818,0.24,0.3582,270,-1
12923,2012-06-27,autumn,1,6,15,0,3,1,1,0.8,0.697,0.26,0.4627,249,-1
12924,2012-06-27,autumn,1,6,16,0,3,1,1,0.82,0.697,0.24,0.4478,392,-1
12925,2012-06-27,autumn,1,6,17,0,3,1,1,0.82,0.697,0.24,0.3881,843,-1
12926,2012-06-27,autumn,1,6,18,0,3,1,1,0.8,0.697,0.27,0.3284,804,-1
12927,2012-06-27,autumn,1,6,19,0,3,1,1,0.78,0.6818,0.29,0.3284,643,-1
12948,2012-06-28,autumn,1,6,16,0,4,1,1,0.88,0.7424,0.23,0.194,387,-1
12949,2012-06-28,autumn,1,6,17,0,4,1,1,0.88,0.7424,0.22,0.194,705,-1
12950,2012-06-28,autumn,1,6,18,0,4,1,1,0.86,0.7273,0.25,0.2239,697,-1
12971,2012-06-29,autumn,1,6,15,0,5,1,1,0.96,0.9091,0.36,0.0,230,-1
12972,2012-06-29,autumn,1,6,16,0,5,1,1,0.96,0.9091,0.36,0.0,351,-1
12973,2012-06-29,autumn,1,6,17,0,5,1,1,0.98,0.9242,0.34,0.194,539,-1
12974,2012-06-29,autumn,1,6,18,0,5,1,1,0.96,0.8636,0.31,0.0,464,-1
12998,2012-06-30,autumn,1,6,18,0,6,0,1,0.88,0.7879,0.35,0.0,339,-1
13021,2012-07-01,autumn,1,7,17,0,0,0,1,0.92,0.803,0.26,0.2985,413,-1
13045,2012-07-02,autumn,1,7,17,0,1,1,1,0.84,0.7273,0.32,0.1343,747,-1
13046,2012-07-02,autumn,1,7,18,0,1,1,1,0.84,0.7273,0.32,0.1642,730,-1
13065,2012-07-03,autumn,1,7,13,0,2,1,1,0.9,0.7727,0.25,0.1343,283,-1
13066,2012-07-03,autumn,1,7,14,0,2,1,1,0.9,0.7727,0.25,0.194,310,-1
13067,2012-07-03,autumn,1,7,15,0,2,1,2,0.9,0.7727,0.24,0.0,401,-1
13068,2012-07-03,autumn,1,7,16,0,2,1,2,0.9,0.7727,0.24,0.194,527,-1
13069,2012-07-03,autumn,1,7,17,0,2,1,2,0.86,0.7424,0.3,0.1642,722,-1
13070,2012-07-03,autumn,1,7,18,0,2,1,2,0.86,0.7424,0.3,0.0,627,-1
13086,2012-07-04,autumn,1,7,10,1,3,0,1,0.8,0.7273,0.46,0.0,447,-1
13089,2012-07-04,autumn,1,7,13,1,3,0,1,0.9,0.8182,0.35,0.0,499,-1
13117,2012-07-05,autumn,1,7,17,0,4,1,1,0.92,0.8485,0.35,0.1642,689,-1
13118,2012-07-05,autumn,1,7,18,0,4,1,2,0.9,0.8333,0.39,0.3284,607,-1
13134,2012-07-06,autumn,1,7,10,0,5,1,1,0.86,0.7424,0.3,0.0,210,-1
13137,2012-07-06,autumn,1,7,13,0,5,1,1,0.9,0.7879,0.27,0.1045,293,-1
13140,2012-07-06,autumn,1,7,16,0,5,1,1,0.92,0.8182,0.29,0.1045,369,-1
13141,2012-07-06,autumn,1,7,17,0,5,1,1,0.92,0.8182,0.29,0.0,576,-1
13142,2012-07-06,autumn,1,7,18,0,5,1,1,0.9,0.803,0.33,0.2537,560,-1
13160,2012-07-07,autumn,1,7,12,0,6,0,1,0.96,0.8636,0.31,0.3582,342,-1
13163,2012-07-07,autumn,1,7,15,0,6,0,1,0.96,0.8485,0.26,0.0,306,-1
13164,2012-07-07,autumn,1,7,16,0,6,0,1,1.0,0.8636,0.19,0.1642,294,-1
13165,2012-07-07,autumn,1,7,17,0,6,0,1,0.96,0.8485,0.26,0.1343,279,-1
13166,2012-07-07,autumn,1,7,18,0,6,0,1,0.94,0.8333,0.29,0.0896,277,-1
13182,2012-07-08,autumn,1,7,10,0,0,0,1,0.9,0.8636,0.45,0.0,319,-1
13213,2012-07-09,autumn,1,7,17,0,1,1,1,0.78,0.697,0.4,0.1642,849,-1
13214,2012-07-09,autumn,1,7,18,0,1,1,1,0.76,0.6818,0.48,0.1343,872,-1
13237,2012-07-10,autumn,1,7,17,0,2,1,1,0.78,0.7121,0.49,0.194,872,-1
13261,2012-07-11,autumn,1,7,17,0,3,1,1,0.8,0.697,0.31,0.2239,830,-1
13262,2012-07-11,autumn,1,7,18,0,3,1,1,0.78,0.6818,0.38,0.2537,814,-1
13285,2012-07-12,autumn,1,7,17,0,4,1,1,0.76,0.6818,0.43,0.2239,795,-1
13286,2012-07-12,autumn,1,7,18,0,4,1,1,0.76,0.6818,0.45,0.1343,825,-1
13300,2012-07-13,autumn,1,7,8,0,5,1,2,0.7,0.6515,0.54,0.0,713,-1
13309,2012-07-13,autumn,1,7,17,0,5,1,2,0.8,0.7121,0.36,0.1642,835,-1
13357,2012-07-15,autumn,1,7,17,0,0,0,1,0.8,0.7727,0.59,0.4925,436,-1
13380,2012-07-16,autumn,1,7,16,0,1,1,3,0.76,0.7273,0.66,0.5821,386,-1
13381,2012-07-16,autumn,1,7,17,0,1,1,3,0.76,0.7273,0.66,0.5821,755,-1
13382,2012-07-16,autumn,1,7,18,0,1,1,1,0.84,0.803,0.53,0.0,794,-1
13395,2012-07-17,autumn,1,7,7,0,2,1,2,0.74,0.697,0.7,0.0,526,-1
13396,2012-07-17,autumn,1,7,8,0,2,1,2,0.8,0.7576,0.55,0.0,661,-1
13400,2012-07-17,autumn,1,7,12,0,2,1,2,0.9,0.8182,0.35,0.0,254,-1
13405,2012-07-17,autumn,1,7,17,0,2,1,1,0.92,0.8182,0.29,0.0,770,-1
13406,2012-07-17,autumn,1,7,18,0,2,1,1,0.9,0.803,0.33,0.194,772,-1
13423,2012-07-18,autumn,1,7,11,0,3,1,1,0.9,0.8485,0.42,0.0,183,-1
13425,2012-07-18,autumn,1,7,13,0,3,1,1,0.94,0.8485,0.33,0.0,203,-1
13453,2012-07-19,autumn,1,7,17,0,4,1,1,0.86,0.7879,0.41,0.0,771,-1
13454,2012-07-19,autumn,1,7,18,0,4,1,1,0.86,0.7879,0.41,0.194,777,-1
13477,2012-07-20,autumn,1,7,17,0,5,1,2,0.66,0.5909,0.89,0.4179,715,-1
13540,2012-07-23,autumn,1,7,8,0,1,1,1,0.72,0.697,0.79,0.1045,738,-1
13549,2012-07-23,autumn,1,7,17,0,1,1,1,0.82,0.7727,0.52,0.1343,847,-1
13550,2012-07-23,autumn,1,7,18,0,1,1,1,0.82,0.7576,0.46,0.1045,741,-1
13573,2012-07-24,autumn,1,7,17,0,2,1,1,0.8,0.7424,0.52,0.3284,869,-1
13574,2012-07-24,autumn,1,7,18,0,2,1,1,0.76,0.7121,0.62,0.3284,877,-1
13597,2012-07-25,autumn,1,7,17,0,3,1,1,0.8,0.697,0.31,0.0,913,-1
13598,2012-07-25,autumn,1,7,18,0,3,1,1,0.8,0.697,0.27,0.1343,891,-1
13621,2012-07-26,autumn,1,7,17,0,4,1,1,0.9,0.8636,0.45,0.4179,738,-1
13622,2012-07-26,autumn,1,7,18,0,4,1,1,0.92,0.8788,0.4,0.3582,688,-1
13623,2012-07-26,autumn,1,7,19,0,4,1,1,0.9,0.8636,0.45,0.3284,614,-1
13625,2012-07-26,autumn,1,7,21,0,4,1,1,0.8,0.7424,0.49,0.6119,271,-1
13626,2012-07-26,autumn,1,7,22,0,4,1,1,0.8,0.7424,0.49,0.6119,234,-1
13636,2012-07-27,autumn,1,7,8,0,5,1,1,0.76,0.7273,0.66,0.0896,676,-1
13708,2012-07-30,autumn,1,7,8,0,1,1,2,0.72,0.697,0.74,0.1045,751,-1
13717,2012-07-30,autumn,1,7,17,0,1,1,1,0.76,0.697,0.55,0.3284,827,-1
13718,2012-07-30,autumn,1,7,18,0,1,1,1,0.76,0.7121,0.58,0.4179,812,-1
13732,2012-07-31,autumn,1,7,8,0,2,1,1,0.7,0.6667,0.79,0.1343,760,-1
13741,2012-07-31,autumn,1,7,17,0,2,1,1,0.78,0.7121,0.52,0.2239,820,-1
13742,2012-07-31,autumn,1,7,18,0,2,1,1,0.76,0.697,0.55,0.2836,857,-1
13765,2012-08-01,autumn,1,8,17,0,3,1,1,0.8,0.7424,0.49,0.1642,837,-1
13766,2012-08-01,autumn,1,8,18,0,3,1,3,0.76,0.7121,0.62,0.2239,891,-1
13789,2012-08-02,autumn,1,8,17,0,4,1,1,0.82,0.7727,0.52,0.2537,865,-1
13790,2012-08-02,autumn,1,8,18,0,4,1,1,0.8,0.7727,0.59,0.2239,767,-1
13792,2012-08-02,autumn,1,8,20,0,4,1,1,0.78,0.7576,0.66,0.0,427,-1
13813,2012-08-03,autumn,1,8,17,0,5,1,2,0.84,0.803,0.53,0.2836,741,-1
13834,2012-08-04,autumn,1,8,14,0,6,0,1,0.88,0.803,0.4,0.3881,472,-1
13835,2012-08-04,autumn,1,8,15,0,6,0,1,0.88,0.8182,0.42,0.4179,489,-1
13856,2012-08-05,autumn,1,8,12,0,0,0,1,0.86,0.803,0.47,0.5224,491,-1
13857,2012-08-05,autumn,1,8,13,0,0,0,1,0.88,0.8182,0.44,0.4627,523,-1
13858,2012-08-05,autumn,1,8,14,0,0,0,1,0.9,0.8485,0.42,0.4627,526,-1
13859,2012-08-05,autumn,1,8,15,0,0,0,1,0.9,0.8182,0.37,0.5224,450,-1
13876,2012-08-06,autumn,1,8,8,0,1,1,2,0.7,0.6667,0.79,0.0,605,-1
13885,2012-08-06,autumn,1,8,17,0,1,1,1,0.82,0.7424,0.41,0.0,858,-1
13886,2012-08-06,autumn,1,8,18,0,1,1,1,0.82,0.7424,0.41,0.1343,843,-1
13909,2012-08-07,autumn,1,8,17,0,2,1,2,0.78,0.7424,0.62,0.1343,868,-1
13910,2012-08-07,autumn,1,8,18,0,2,1,2,0.76,0.7121,0.62,0.1642,814,-1
13924,2012-08-08,autumn,1,8,8,0,3,1,2,0.74,0.7273,0.72,0.0896,737,-1
13933,2012-08-08,autumn,1,8,17,0,3,1,2,0.8,0.7576,0.55,0.2836,858,-1
13934,2012-08-08,autumn,1,8,18,0,3,1,2,0.78,0.7273,0.55,0.1642,862,-1
13957,2012-08-09,autumn,1,8,17,0,4,1,1,0.86,0.7576,0.36,0.2537,810,-1
13958,2012-08-09,autumn,1,8,18,0,4,1,2,0.82,0.7576,0.46,0.2537,811,-1
14025,2012-08-12,autumn,1,8,13,0,0,0,1,0.78,0.697,0.4,0.0,543,-1
14029,2012-08-12,autumn,1,8,17,0,0,0,1,0.8,0.697,0.33,0.0,505,-1
14053,2012-08-13,autumn,1,8,17,0,1,1,1,0.8,0.7121,0.36,0.1642,818,-1
14054,2012-08-13,autumn,1,8,18,0,1,1,1,0.76,0.697,0.52,0.2836,812,-1
14068,2012-08-14,autumn,1,8,8,0,2,1,2,0.66,0.5909,0.89,0.0896,618,-1
14077,2012-08-14,autumn,1,8,17,0,2,1,3,0.76,0.7273,0.66,0.2537,812,-1
14078,2012-08-14,autumn,1,8,18,0,2,1,1,0.76,0.7121,0.62,0.2836,854,-1
14101,2012-08-15,autumn,1,8,17,0,3,1,1,0.74,0.6818,0.55,0.2836,851,-1
14102,2012-08-15,autumn,1,8,18,0,3,1,1,0.74,0.6667,0.51,0.2239,848,-1
14122,2012-08-16,autumn,1,8,14,0,4,1,1,0.82,0.7121,0.32,0.0,248,-1
14125,2012-08-16,autumn,1,8,17,0,4,1,1,0.82,0.7273,0.34,0.194,897,-1
14126,2012-08-16,autumn,1,8,18,0,4,1,1,0.8,0.7121,0.36,0.0,832,-1
14147,2012-08-17,autumn,1,8,15,0,5,1,1,0.86,0.2424,0.3,0.4627,383,-1
14148,2012-08-17,autumn,1,8,16,0,5,1,2,0.84,0.2424,0.32,0.4478,488,-1
14149,2012-08-17,autumn,1,8,17,0,5,1,1,0.82,0.2424,0.36,0.3284,791,-1
14221,2012-08-20,autumn,1,8,17,0,1,1,1,0.7,0.6515,0.58,0.2836,893,-1
14222,2012-08-20,autumn,1,8,18,0,1,1,2,0.62,0.5909,0.78,0.2537,815,-1
14245,2012-08-21,autumn,1,8,17,0,2,1,1,0.74,0.6667,0.51,0.2836,878,-1
14259,2012-08-22,autumn,1,8,7,0,3,1,1,0.62,0.5909,0.78,0.0,553,-1
14260,2012-08-22,autumn,1,8,8,0,3,1,1,0.64,0.6061,0.73,0.0896,740,-1
14271,2012-08-22,autumn,1,8,19,0,3,1,2,0.66,0.6212,0.74,0.0,580,-1
14284,2012-08-23,autumn,1,8,8,0,4,1,2,0.66,0.6212,0.74,0.0896,707,-1
14293,2012-08-23,autumn,1,8,17,0,4,1,1,0.76,0.6818,0.45,0.2239,820,-1
14294,2012-08-23,autumn,1,8,18,0,4,1,1,0.74,0.6667,0.48,0.2239,941,-1
14308,2012-08-24,autumn,1,8,8,0,5,1,2,0.66,0.6212,0.74,0.0,744,-1
14361,2012-08-26,autumn,1,8,13,0,0,0,3,0.66,0.6061,0.78,0.4179,541,-1
14380,2012-08-27,autumn,1,8,8,0,1,1,1,0.66,0.6061,0.83,0.0896,699,-1
14389,2012-08-27,autumn,1,8,17,0,1,1,1,0.8,0.7273,0.46,0.2239,845,-1
14390,2012-08-27,autumn,1,8,18,0,1,1,1,0.78,0.7121,0.52,0.2537,834,-1
14404,2012-08-28,autumn,1,8,8,0,2,1,2,0.66,0.6212,0.85,0.1045,693,-1
14413,2012-08-28,autumn,1,8,17,0,2,1,1,0.8,0.697,0.35,0.3881,864,-1
14414,2012-08-28,autumn,1,8,18,0,2,1,1,0.78,0.697,0.4,0.2537,818,-1
14437,2012-08-29,autumn,1,8,17,0,3,1,1,0.78,0.6818,0.35,0.2239,870,-1
14438,2012-08-29,autumn,1,8,18,0,3,1,1,0.74,0.6667,0.42,0.1642,812,-1
14452,2012-08-30,autumn,1,8,8,0,4,1,1,0.66,0.6212,0.65,0.0,754,-1
14461,2012-08-30,autumn,1,8,17,0,4,1,1,0.82,0.7273,0.34,0.2239,844,-1
14462,2012-08-30,autumn,1,8,18,0,4,1,1,0.8,0.7121,0.38,0.1343,853,-1
14476,2012-08-31,autumn,1,8,8,0,5,1,2,0.7,0.6667,0.74,0.0,690,-1
14482,2012-08-31,autumn,1,8,14,0,5,1,1,0.9,0.7727,0.25,0.2239,436,-1
14483,2012-08-31,autumn,1,8,15,0,5,1,1,0.9,0.7879,0.27,0.2985,526,-1
14484,2012-08-31,autumn,1,8,16,0,5,1,1,0.9,0.7879,0.27,0.2537,528,-1
14485,2012-08-31,autumn,1,8,17,0,5,1,1,0.88,0.7727,0.32,0.1642,617,-1
14509,2012-09-01,autumn,1,9,17,0,6,0,2,0.82,0.7727,0.52,0.0,463,-1
14510,2012-09-01,autumn,1,9,18,0,6,0,2,0.82,0.7727,0.52,0.0,442,-1
14527,2012-09-02,autumn,1,9,11,0,0,0,2,0.74,0.697,0.7,0.0,489,-1
14528,2012-09-02,autumn,1,9,12,0,0,0,3,0.74,0.697,0.7,0.0,545,-1
14532,2012-09-02,autumn,1,9,16,0,0,0,1,0.74,0.697,0.7,0.0,474,-1
14534,2012-09-02,autumn,1,9,18,0,0,0,1,0.74,0.7121,0.74,0.0,500,-1
14581,2012-09-04,autumn,1,9,17,0,2,1,1,0.76,0.7273,0.7,0.3582,856,-1
14582,2012-09-04,autumn,1,9,18,0,2,1,1,0.76,0.7424,0.75,0.2239,839,-1
14605,2012-09-05,autumn,1,9,17,0,3,1,1,0.76,0.7273,0.66,0.2537,863,-1
14606,2012-09-05,autumn,1,9,18,0,3,1,1,0.76,0.7424,0.75,0.194,839,-1
14620,2012-09-06,autumn,1,9,8,0,4,1,3,0.7,0.6667,0.79,0.0,646,-1
14629,2012-09-06,autumn,1,9,17,0,4,1,1,0.74,0.697,0.7,0.2537,808,-1
14630,2012-09-06,autumn,1,9,18,0,4,1,1,0.72,0.6818,0.7,0.2537,835,-1
14644,2012-09-07,autumn,1,9,8,0,5,1,1,0.66,0.6061,0.83,0.1045,719,-1
14653,2012-09-07,autumn,1,9,17,0,5,1,1,0.78,0.7424,0.59,0.3284,772,-1
14654,2012-09-07,autumn,1,9,18,0,5,1,1,0.76,0.7121,0.62,0.2985,792,-1
14671,2012-09-08,autumn,1,9,11,0,6,0,1,0.76,0.7121,0.62,0.4478,578,-1
14672,2012-09-08,autumn,1,9,12,0,6,0,1,0.8,0.7576,0.55,0.4925,694,-1
14673,2012-09-08,autumn,1,9,13,0,6,0,1,0.82,0.7727,0.52,0.5224,668,-1
14674,2012-09-08,autumn,1,9,14,0,6,0,1,0.82,0.7727,0.52,0.4478,626,-1
14696,2012-09-09,autumn,1,9,12,0,0,0,1,0.66,0.6212,0.47,0.0,757,-1
14697,2012-09-09,autumn,1,9,13,0,0,0,1,0.68,0.6364,0.39,0.0,729,-1
14725,2012-09-10,autumn,1,9,17,0,1,1,1,0.66,0.6212,0.34,0.3284,871,-1
14726,2012-09-10,autumn,1,9,18,0,1,1,1,0.62,0.6212,0.35,0.2985,968,-1
14740,2012-09-11,autumn,1,9,8,0,2,1,1,0.54,0.5152,0.68,0.0896,750,-1
14749,2012-09-11,autumn,1,9,17,0,2,1,1,0.7,0.6364,0.28,0.0,970,-1
14750,2012-09-11,autumn,1,9,18,0,2,1,1,0.64,0.6212,0.36,0.1642,877,-1
14764,2012-09-12,autumn,1,9,8,0,3,1,1,0.56,0.5303,0.64,0.1045,770,-1
14773,2012-09-12,autumn,1,9,17,0,3,1,1,0.7,0.6364,0.41,0.2985,925,-1
14774,2012-09-12,autumn,1,9,18,0,3,1,1,0.66,0.6212,0.44,0.2537,977,-1
14787,2012-09-13,autumn,1,9,7,0,4,1,1,0.54,0.5152,0.77,0.0,571,-1
14788,2012-09-13,autumn,1,9,8,0,4,1,1,0.56,0.5303,0.73,0.0,758,-1
14797,2012-09-13,autumn,1,9,17,0,4,1,1,0.72,0.6515,0.42,0.194,884,-1
14798,2012-09-13,autumn,1,9,18,0,4,1,1,0.68,0.6364,0.57,0.2537,852,-1
14820,2012-09-14,autumn,1,9,16,0,5,1,2,0.72,0.6667,0.51,0.0,563,-1
14821,2012-09-14,autumn,1,9,17,0,5,1,1,0.72,0.6667,0.51,0.194,894,-1
14822,2012-09-14,autumn,1,9,18,0,5,1,1,0.72,0.6515,0.45,0.2239,808,-1
14833,2012-09-15,autumn,1,9,5,0,6,0,1,0.58,0.5455,0.6,0.5224,16,-1
14844,2012-09-15,autumn,1,9,16,0,6,0,2,0.66,0.6212,0.36,0.2239,783,-1
14869,2012-09-16,autumn,1,9,17,0,0,0,1,0.66,0.6212,0.41,0.0,570,-1
14884,2012-09-17,autumn,1,9,8,0,1,1,1,0.54,0.5152,0.77,0.0896,683,-1
14893,2012-09-17,autumn,1,9,17,0,1,1,2,0.64,0.6061,0.65,0.2239,842,-1
14907,2012-09-18,autumn,1,9,7,0,2,1,2,0.64,0.5758,0.89,0.4478,356,-1
14908,2012-09-18,autumn,1,9,8,0,2,1,2,0.66,0.6061,0.83,0.5522,672,-1
14909,2012-09-18,autumn,1,9,9,0,2,1,2,0.66,0.6061,0.83,0.5821,293,-1
14910,2012-09-18,autumn,1,9,10,0,2,1,3,0.68,0.6364,0.79,0.6418,160,-1
14911,2012-09-18,autumn,1,9,11,0,2,1,2,0.68,0.6364,0.79,0.6418,151,-1
14913,2012-09-18,autumn,1,9,13,0,2,1,2,0.7,0.6667,0.74,0.5821,114,-1
14914,2012-09-18,autumn,1,9,14,0,2,1,3,0.6,0.5152,0.94,0.4627,143,-1
14932,2012-09-19,autumn,1,9,8,0,3,1,1,0.52,0.5,0.59,0.2239,797,-1
14941,2012-09-19,autumn,1,9,17,0,3,1,1,0.6,0.6212,0.38,0.2239,886,-1
14942,2012-09-19,autumn,1,9,18,0,3,1,1,0.58,0.5455,0.4,0.2836,892,-1
14956,2012-09-20,autumn,1,9,8,0,4,1,1,0.5,0.4848,0.68,0.0896,790,-1
14965,2012-09-20,autumn,1,9,17,0,4,1,1,0.64,0.6212,0.5,0.2239,976,-1
14966,2012-09-20,autumn,1,9,18,0,4,1,1,0.6,0.6212,0.56,0.2537,900,-1
14989,2012-09-21,autumn,1,9,17,0,5,1,1,0.68,0.6364,0.57,0.2836,846,-1
15011,2012-09-22,autumn,1,9,15,0,6,0,1,0.74,0.6667,0.48,0.3881,750,-1
15032,2012-09-23,winter,1,9,12,0,0,0,1,0.56,0.5303,0.43,0.1045,776,-1
15061,2012-09-24,winter,1,9,17,0,1,1,1,0.58,0.5455,0.3,0.0,898,-1
15062,2012-09-24,winter,1,9,18,0,1,1,1,0.54,0.5152,0.37,0.1642,853,-1
15076,2012-09-25,winter,1,9,8,0,2,1,1,0.48,0.4697,0.67,0.194,805,-1
15085,2012-09-25,winter,1,9,17,0,2,1,1,0.66,0.6212,0.39,0.2836,967,-1
15086,2012-09-25,winter,1,9,18,0,2,1,1,0.64,0.6212,0.41,0.2239,822,-1
15100,2012-09-26,winter,1,9,8,0,3,1,1,0.56,0.5303,0.73,0.2985,838,-1
15109,2012-09-26,winter,1,9,17,0,3,1,1,0.74,0.6667,0.48,0.2985,953,-1
15110,2012-09-26,winter,1,9,18,0,3,1,1,0.74,0.6667,0.48,0.2239,884,-1
15123,2012-09-27,winter,1,9,7,0,4,1,1,0.6,0.5758,0.78,0.0,558,-1
15124,2012-09-27,winter,1,9,8,0,4,1,1,0.62,0.6061,0.71,0.0896,794,-1
15133,2012-09-27,winter,1,9,17,0,4,1,2,0.66,0.6212,0.69,0.2985,905,-1
15134,2012-09-27,winter,1,9,18,0,4,1,2,0.66,0.6212,0.69,0.2239,899,-1
15147,2012-09-28,winter,1,9,7,0,5,1,2,0.56,0.5303,0.94,0.0,394,-1
15148,2012-09-28,winter,1,9,8,0,5,1,1,0.6,0.5606,0.83,0.0896,705,-1
15157,2012-09-28,winter,1,9,17,0,5,1,2,0.66,0.6212,0.54,0.2985,808,-1
15181,2012-09-29,winter,1,9,17,0,6,0,1,0.6,0.6212,0.38,0.3582,712,-1
15220,2012-10-01,winter,1,10,8,0,1,1,2,0.46,0.4545,0.77,0.1045,784,-1
15229,2012-10-01,winter,1,10,17,0,1,1,3,0.56,0.5303,0.6,0.2537,856,-1
15253,2012-10-02,winter,1,10,17,0,2,1,3,0.62,0.5606,0.88,0.1045,715,-1
15254,2012-10-02,winter,1,10,18,0,2,1,3,0.62,0.5455,0.94,0.0896,687,-1
15255,2012-10-02,winter,1,10,19,0,2,1,3,0.62,0.5455,0.94,0.0,395,-1
15264,2012-10-03,winter,1,10,4,0,3,1,2,0.6,0.5,1.0,0.0,11,-1
15268,2012-10-03,winter,1,10,8,0,3,1,2,0.62,0.5606,0.88,0.1045,809,-1
15277,2012-10-03,winter,1,10,17,0,3,1,1,0.7,0.6515,0.65,0.0,917,-1
15278,2012-10-03,winter,1,10,18,0,3,1,1,0.7,0.6515,0.65,0.0,810,-1
15279,2012-10-03,winter,1,10,19,0,3,1,1,0.7,0.6515,0.65,0.0,593,-1
15292,2012-10-04,winter,1,10,8,0,4,1,1,0.64,0.5758,0.89,0.0,738,-1
15301,2012-10-04,winter,1,10,17,0,4,1,1,0.7,0.6515,0.51,0.2239,901,-1
15302,2012-10-04,winter,1,10,18,0,4,1,1,0.66,0.6212,0.57,0.1045,887,-1
15316,2012-10-05,winter,1,10,8,0,5,1,1,0.58,0.5455,0.64,0.0,785,-1
15324,2012-10-05,winter,1,10,16,0,5,1,1,0.72,0.6515,0.37,0.0,634,-1
15325,2012-10-05,winter,1,10,17,0,5,1,1,0.7,0.6364,0.42,0.1642,900,-1
15345,2012-10-06,winter,1,10,13,0,6,0,2,0.64,0.6212,0.57,0.5224,710,-1
15347,2012-10-06,winter,1,10,15,0,6,0,1,0.6,0.6212,0.46,0.4179,620,-1
15348,2012-10-06,winter,1,10,16,0,6,0,1,0.6,0.6212,0.43,0.5224,659,-1
15436,2012-10-10,winter,1,10,8,0,3,1,1,0.5,0.4848,0.77,0.1642,839,-1
15445,2012-10-10,winter,1,10,17,0,3,1,1,0.58,0.5455,0.43,0.2239,948,-1
15447,2012-10-10,winter,1,10,19,0,3,1,2,0.56,0.5303,0.46,0.5821,566,-1
15460,2012-10-11,winter,1,10,8,0,4,1,1,0.38,0.3939,0.46,0.3881,798,-1
15469,2012-10-11,winter,1,10,17,0,4,1,1,0.5,0.4848,0.39,0.2836,827,-1
15484,2012-10-12,winter,1,10,8,0,5,1,1,0.42,0.4242,0.71,0.0896,745,-1
15493,2012-10-12,winter,1,10,17,0,5,1,1,0.46,0.4545,0.38,0.3881,837,-1
15512,2012-10-13,winter,1,10,12,0,6,0,1,0.44,0.4394,0.35,0.0,573,-1
15537,2012-10-14,winter,1,10,13,0,0,0,1,0.64,0.6212,0.41,0.4478,619,-1
15538,2012-10-14,winter,1,10,14,0,0,0,1,0.66,0.6212,0.39,0.4179,617,-1
15556,2012-10-15,winter,1,10,8,0,1,1,2,0.6,0.6061,0.64,0.3881,737,-1
15580,2012-10-16,winter,1,10,8,0,2,1,1,0.44,0.4394,0.62,0.0,835,-1
15589,2012-10-16,winter,1,10,17,0,2,1,1,0.52,0.5,0.39,0.194,943,-1
15590,2012-10-16,winter,1,10,18,0,2,1,1,0.5,0.4848,0.42,0.1642,838,-1
15604,2012-10-17,winter,1,10,8,0,3,1,2,0.4,0.4091,0.76,0.0,817,-1
15613,2012-10-17,winter,1,10,17,0,3,1,1,0.54,0.5152,0.56,0.1045,888,-1
15614,2012-10-17,winter,1,10,18,0,3,1,1,0.52,0.5,0.59,0.1642,884,-1
15628,2012-10-18,winter,1,10,8,0,4,1,1,0.46,0.4545,0.82,0.2537,834,-1
15637,2012-10-18,winter,1,10,17,0,4,1,2,0.58,0.5455,0.64,0.3284,890,-1
15638,2012-10-18,winter,1,10,18,0,4,1,2,0.56,0.5303,0.64,0.3284,788,-1
15682,2012-10-20,winter,1,10,14,0,6,0,1,0.56,0.5303,0.4,0.0,711,-1
15683,2012-10-20,winter,1,10,15,0,6,0,1,0.56,0.5303,0.43,0.0,711,-1
15724,2012-10-22,winter,1,10,8,0,1,1,1,0.44,0.4394,0.67,0.0,728,-1
15733,2012-10-22,winter,1,10,17,0,1,1,1,0.62,0.6212,0.33,0.1045,922,-1
15734,2012-10-22,winter,1,10,18,0,1,1,1,0.54,0.5152,0.64,0.1045,786,-1
15748,2012-10-23,winter,1,10,8,0,2,1,2,0.46,0.4545,0.72,0.0896,761,-1
15757,2012-10-23,winter,1,10,17,0,2,1,1,0.68,0.6364,0.41,0.0,938,-1
15758,2012-10-23,winter,1,10,18,0,2,1,1,0.62,0.6212,0.53,0.0896,826,-1
15772,2012-10-24,winter,1,10,8,0,3,1,2,0.52,0.5,0.83,0.1045,801,-1
15781,2012-10-24,winter,1,10,17,0,3,1,1,0.66,0.6212,0.47,0.0,963,-1
15782,2012-10-24,winter,1,10,18,0,3,1,1,0.66,0.6212,0.44,0.0,858,-1
15796,2012-10-25,winter,1,10,8,0,4,1,2,0.52,0.5,0.83,0.1642,779,-1
15805,2012-10-25,winter,1,10,17,0,4,1,1,0.6,0.5909,0.69,0.1642,886,-1
15806,2012-10-25,winter,1,10,18,0,4,1,1,0.56,0.5303,0.83,0.1045,809,-1
15829,2012-10-26,winter,1,10,17,0,5,1,2,0.56,0.5303,0.76,0.194,817,-1
15872,2012-10-28,winter,1,10,12,0,0,0,2,0.48,0.4697,0.59,0.4925,491,-1
15877,2012-10-28,winter,1,10,17,0,0,0,3,0.46,0.4545,0.77,0.5224,225,-1
15878,2012-10-28,winter,1,10,18,0,0,0,3,0.42,0.4242,0.94,0.4925,154,-1
15880,2012-10-28,winter,1,10,20,0,0,0,3,0.42,0.4242,0.94,0.4627,55,-1
15904,2012-10-31,winter,1,10,8,0,3,1,1,0.32,0.3333,0.81,0.1343,621,-1
16099,2012-11-08,winter,1,11,12,0,4,1,1,0.4,0.4091,0.24,0.4925,235,-1
16100,2012-11-08,winter,1,11,13,0,4,1,1,0.44,0.4394,0.18,0.4179,228,-1
16101,2012-11-08,winter,1,11,14,0,4,1,1,0.44,0.4394,0.18,0.4179,182,-1
16102,2012-11-08,winter,1,11,15,0,4,1,1,0.44,0.4394,0.18,0.4179,233,-1
16103,2012-11-08,winter,1,11,16,0,4,1,1,0.42,0.4242,0.16,0.3881,339,-1
16104,2012-11-08,winter,1,11,17,0,4,1,1,0.4,0.4091,0.2,0.2985,592,-1
16105,2012-11-08,winter,1,11,18,0,4,1,1,0.4,0.4091,0.24,0.4179,507,-1
16147,2012-11-10,winter,1,11,12,0,6,0,1,0.48,0.4697,0.48,0.0,606,-1
16148,2012-11-10,winter,1,11,13,0,6,0,1,0.52,0.5,0.39,0.0,651,-1
16149,2012-11-10,winter,1,11,14,0,6,0,1,0.54,0.5152,0.37,0.0,627,-1
16150,2012-11-10,winter,1,11,15,0,6,0,1,0.52,0.5,0.45,0.0,567,-1
16151,2012-11-10,winter,1,11,16,0,6,0,1,0.54,0.5152,0.37,0.0,605,-1
16208,2012-11-13,winter,1,11,1,0,2,1,3,0.44,0.4394,0.88,0.6418,5,-1
16407,2012-11-21,winter,1,11,8,0,3,1,2,0.28,0.303,0.81,0.0896,551,-1
16473,2012-11-24,winter,1,11,2,0,6,0,1,0.32,0.2727,0.39,0.6119,32,-1
16483,2012-11-24,winter,1,11,12,0,6,0,2,0.3,0.2576,0.36,0.6119,199,-1
16526,2012-11-26,winter,1,11,7,0,1,1,1,0.24,0.2879,0.65,0.0,365,-1
16527,2012-11-26,winter,1,11,8,0,1,1,1,0.24,0.2879,0.65,0.0,638,-1
16536,2012-11-26,winter,1,11,17,0,1,1,1,0.42,0.4242,0.32,0.0,553,-1
16560,2012-11-27,winter,1,11,17,0,2,1,2,0.3,0.2727,0.75,0.3881,527,-1
16561,2012-11-27,winter,1,11,18,0,2,1,1,0.26,0.2273,0.81,0.3582,482,-1
16575,2012-11-28,winter,1,11,8,0,3,1,1,0.24,0.2121,0.6,0.2836,692,-1
16597,2012-11-29,winter,1,11,7,0,4,1,1,0.2,0.2576,0.64,0.0,362,-1
16598,2012-11-29,winter,1,11,8,0,4,1,1,0.2,0.2273,0.69,0.1045,679,-1
16621,2012-11-30,winter,1,11,7,0,5,1,1,0.22,0.2727,0.8,0.0,352,-1
16622,2012-11-30,winter,1,11,8,0,5,1,2,0.22,0.2576,0.8,0.0896,729,-1
16651,2012-12-01,winter,1,12,13,0,6,0,2,0.34,0.3636,0.76,0.0,509,-1
16693,2012-12-03,winter,1,12,7,0,1,1,2,0.34,0.3636,0.93,0.0,396,-1
16694,2012-12-03,winter,1,12,8,0,1,1,1,0.36,0.3788,0.93,0.0,731,-1
16704,2012-12-03,winter,1,12,18,0,1,1,1,0.5,0.4848,0.68,0.0896,692,-1
16718,2012-12-04,winter,1,12,8,0,2,1,2,0.44,0.4394,0.88,0.1642,721,-1
16742,2012-12-05,winter,1,12,8,0,3,1,2,0.44,0.4394,0.58,0.2836,759,-1
16752,2012-12-05,winter,1,12,18,0,3,1,1,0.42,0.4242,0.35,0.4478,609,-1
16766,2012-12-06,winter,1,12,8,0,4,1,1,0.22,0.2121,0.51,0.2985,659,-1
16799,2012-12-07,winter,1,12,17,0,5,1,2,0.38,0.3939,0.66,0.0,568,-1
16826,2012-12-08,winter,1,12,20,0,6,0,2,0.36,0.3788,1.0,0.0,182,-1
16827,2012-12-08,winter,1,12,21,0,6,0,2,0.36,0.3788,1.0,0.0,209,-1
16862,2012-12-10,winter,1,12,8,0,1,1,2,0.42,0.4242,1.0,0.2537,584,-1
16910,2012-12-12,winter,1,12,8,0,3,1,2,0.26,0.2576,0.65,0.1642,688,-1
16934,2012-12-13,winter,1,12,8,0,4,1,1,0.24,0.2273,0.6,0.194,679,-1
16958,2012-12-14,winter,1,12,8,0,5,1,1,0.2,0.2273,0.69,0.0896,636,-1
17030,2012-12-17,winter,1,12,8,0,1,1,2,0.38,0.3939,0.87,0.1045,592,-1
17054,2012-12-18,winter,1,12,8,0,2,1,1,0.38,0.3939,0.94,0.0,662,-1
17063,2012-12-18,winter,1,12,17,0,2,1,1,0.4,0.4091,0.47,0.4478,572,-1
17078,2012-12-19,winter,1,12,8,0,3,1,1,0.24,0.2576,0.87,0.1045,678,-1
17102,2012-12-20,winter,1,12,8,0,4,1,2,0.3,0.3333,0.7,0.0,599,-1
17124,2012-12-21,spring,1,12,6,0,5,1,2,0.34,0.2879,0.57,0.5821,80,-1
17127,2012-12-21,spring,1,12,9,0,5,1,2,0.32,0.2727,0.45,0.5522,267,-1
17142,2012-12-22,spring,1,12,0,0,6,0,1,0.26,0.2121,0.44,0.5821,31,-1
17144,2012-12-22,spring,1,12,2,0,6,0,1,0.26,0.2121,0.44,0.5224,23,-1
17150,2012-12-22,spring,1,12,8,0,6,0,1,0.26,0.2121,0.44,0.6119,29,-1
17154,2012-12-22,spring,1,12,12,0,6,0,1,0.3,0.2576,0.36,0.6567,146,-1
17157,2012-12-22,spring,1,12,15,0,6,0,1,0.32,0.2727,0.33,0.5821,153,-1
17247,2012-12-26,spring,1,12,11,0,3,1,3,0.2,0.1667,0.86,0.4627,10,-1
17258,2012-12-26,spring,1,12,22,0,3,1,3,0.24,0.197,0.93,0.4478,11,-1
17261,2012-12-27,spring,1,12,1,0,4,1,3,0.24,0.197,0.93,0.4478,5,-1
17262,2012-12-27,spring,1,12,2,0,4,1,2,0.24,0.197,0.87,0.4478,2,-1
17320,2012-12-29,spring,1,12,12,0,6,0,3,0.2,0.2424,1.0,0.0,48,-1
17321,2012-12-29,spring,1,12,13,0,6,0,3,0.2,0.2424,1.0,0.0,84,-1
17328,2012-12-29,spring,1,12,20,0,6,0,2,0.3,0.2424,0.56,0.5522,66,-1
17342,2012-12-30,spring,1,12,10,0,0,0,1,0.26,0.2121,0.41,0.5821,122,-1
17344,2012-12-30,spring,1,12,12,0,0,0,1,0.28,0.2273,0.36,0.5821,144,-1
17345,2012-12-30,spring,1,12,13,0,0,0,1,0.3,0.2576,0.36,0.6567,169,-1
